"relative_path","status","old_exists","clean_exists","old_full_path","clean_full_path","old_size","clean_size","old_modified_utc","clean_modified_utc","old_sha256","clean_sha256"
"AGENTS.md","same","True","True","R:\Thesis Project\KC_L v2 - Copy\AGENTS.md","R:\Thesis Project\KC_L v2 - Cleaner\AGENTS.md","1663","1663","2026-03-23T00:19:25.1211299Z","2026-03-23T00:19:25.1211299Z","A0ACA32710C32C3EA69DC948AE5D42ADB95BC39B3013D7F4532B9AC7AE04439B","A0ACA32710C32C3EA69DC948AE5D42ADB95BC39B3013D7F4532B9AC7AE04439B"
"CHANGELOG.md","changed","True","True","R:\Thesis Project\KC_L v2 - Copy\CHANGELOG.md","R:\Thesis Project\KC_L v2 - Cleaner\CHANGELOG.md","59916","63837","2026-04-01T17:44:53.1949891Z","2026-04-03T18:36:09.5326669Z","CA7500DF61D87445928B19D329E4820CEFAC8AFCB2EBEF4F69C072C05B9679FB","63E9B34BE266664B42CBB600A10B5E6ACEEB67619C280C060D6F38C6C9EFF6FB"
"configs/hpc/runtime_storage.template.yaml","clean_only","False","True","","R:\Thesis Project\KC_L v2 - Cleaner\configs\hpc\runtime_storage.template.yaml","","380","","2026-04-01T23:31:57.6124999Z","","B8EA6955BA2A293E6E8E7FC819D783071308F53720011366589CAB7C8FDFDD80"
"configs/hpc/slurm_textbook_first_run.template.sh","clean_only","False","True","","R:\Thesis Project\KC_L v2 - Cleaner\configs\hpc\slurm_textbook_first_run.template.sh","","751","","2026-04-01T23:31:57.6145043Z","","095093D8230B7E858BC3B77B573DC978709172C1A5B01F7E2B356580B51834DC"
"configs/pipeline/freeze.default.yaml","clean_only","False","True","","R:\Thesis Project\KC_L v2 - Cleaner\configs\pipeline\freeze.default.yaml","","303","","2026-04-01T23:31:57.6095019Z","","3232EA065A5F01D33E6A6EAE3977DFC1BCD1B58C1C463A79029C9B3550C32B2F"
"configs/pipeline/main_quest.base.yaml","clean_only","False","True","","R:\Thesis Project\KC_L v2 - Cleaner\configs\pipeline\main_quest.base.yaml","","3438","","2026-04-01T23:31:57.5971604Z","","F512D0430D97E9B65ED0E852FB3BE6847F217992A40F229E73DC8E47887F9A88"
"configs/pipeline/main_quest.hpc_gpu.example.yaml","clean_only","False","True","","R:\Thesis Project\KC_L v2 - Cleaner\configs\pipeline\main_quest.hpc_gpu.example.yaml","","686","","2026-04-03T18:36:09.5311535Z","","C35FAB45B3A669E52B00D4A22B6220B92957054EA1161625CB32FB09952F512D"
"configs/pipeline/main_quest.local_gpu.example.yaml","clean_only","False","True","","R:\Thesis Project\KC_L v2 - Cleaner\configs\pipeline\main_quest.local_gpu.example.yaml","","421","","2026-04-03T18:36:09.5279096Z","","EC6F1AD11FB420ACA22693E7CBD1F2BCF646D395A796E7AE6FEC711E75313FD4"
"configs/pipeline/review.default.yaml","clean_only","False","True","","R:\Thesis Project\KC_L v2 - Cleaner\configs\pipeline\review.default.yaml","","338","","2026-04-01T23:31:57.6056653Z","","F703E1ECAA020ADA8C46D82DA60B6078544217D7E76B6AA963488160385AA701"
"configs/schemas/default/core_schema.locked.json","clean_only","False","True","","R:\Thesis Project\KC_L v2 - Cleaner\configs\schemas\default\core_schema.locked.json","","2903","","2026-04-01T23:31:57.6174988Z","","D645F45800FAB667CDAA03BA648737AA60A7094DEDF2B38C4B5EAFBE66ED52C2"
"configs/schemas/examples/extension_schema.template.json","clean_only","False","True","","R:\Thesis Project\KC_L v2 - Cleaner\configs\schemas\examples\extension_schema.template.json","","928","","2026-04-01T23:31:57.6204975Z","","0287EFFE36644928D0CBA32ACCDEADD7376552BBED639C99966DD54692D37B84"
"configs/schemas/examples/extension_schema.textbook_example.json","clean_only","False","True","","R:\Thesis Project\KC_L v2 - Cleaner\configs\schemas\examples\extension_schema.textbook_example.json","","884","","2026-04-01T23:31:57.6245016Z","","916202B6DB38E906349736B2C05345AB30D6A3D863155EE12F7C52733854F8CC"
"CURRENT_ACTIVE_STATE.md","old_only","True","False","R:\Thesis Project\KC_L v2 - Copy\CURRENT_ACTIVE_STATE.md","","3382","","2026-04-01T17:16:56.2596793Z","","F083210AE83007C3980FD6602DE0678B34B0B8CCF4E6A01DBBC7556E06C2E1E5",""
"CURRENT_KNOWLEDGE_LIBRARY_PILOT_RELEASE.md","old_only","True","False","R:\Thesis Project\KC_L v2 - Copy\CURRENT_KNOWLEDGE_LIBRARY_PILOT_RELEASE.md","","2129","","2026-04-01T17:17:02.5622695Z","","F98BAAFE8EC4C44D5B09E2FE0E57B702E908D3783D6037D9BAF9B07236AB744A",""
"Current.md","old_only","True","False","R:\Thesis Project\KC_L v2 - Copy\Current.md","","9094","","2026-03-24T16:29:40.6743350Z","","036214F973983A2E2967E924FABB0D7EB0D4BFCA474A8CC18BA4931AB53147A2",""
"docs/architecture/operator_repo.md","clean_only","False","True","","R:\Thesis Project\KC_L v2 - Cleaner\docs\architecture\operator_repo.md","","1962","","2026-04-01T23:31:57.5877762Z","","57B4EF9E0B0EC8EECF6287BF16818E7A58FA60AC00A8C502F4BFC47933390132"
"docs/architecture/schema_model.md","clean_only","False","True","","R:\Thesis Project\KC_L v2 - Cleaner\docs\architecture\schema_model.md","","1592","","2026-04-01T23:31:57.5898131Z","","94613A2C739C496C299F28848FEE47781F9296750BDB0D5B6DC9DEA681075E19"
"docs/examples/minimal_hierarchy.template.yaml","clean_only","False","True","","R:\Thesis Project\KC_L v2 - Cleaner\docs\examples\minimal_hierarchy.template.yaml","","286","","2026-04-02T00:03:43.2382189Z","","4F97A995BF2E2F8D7B589145485D83C441BBF36F563355ABFA0B93399C173DD9"
"docs/knowledge_library_pilot.md","old_only","True","False","R:\Thesis Project\KC_L v2 - Copy\docs\knowledge_library_pilot.md","","4697","","2026-04-01T17:16:26.9425153Z","","396561BFA9D56AAF9E3F9FD204649BD58963D8D9C82905B767E16F65C8C0E0AA",""
"docs/supervisor_overview/operator_repo_overview.md","clean_only","False","True","","R:\Thesis Project\KC_L v2 - Cleaner\docs\supervisor_overview\operator_repo_overview.md","","562","","2026-04-01T23:31:57.5951507Z","","6C85992E4124B6088DDB8E1C90828076F954ED8C7E6E81619789CFAB9F1DEC3D"
"docs/workflows/hpc_first_run_preparation.md","clean_only","False","True","","R:\Thesis Project\KC_L v2 - Cleaner\docs\workflows\hpc_first_run_preparation.md","","1011","","2026-04-01T23:31:57.5930127Z","","CF956557394F4E23DC359CD8FAA13FF535BB757E91797FF283FDEF39F408472A"
"docs/workflows/offline_generation_lifecycle.md","clean_only","False","True","","R:\Thesis Project\KC_L v2 - Cleaner\docs\workflows\offline_generation_lifecycle.md","","1737","","2026-04-01T23:31:57.5908202Z","","9C43977EA474D13289BC65360A0BF5A3F36181FF2EDABB9AA56BB5749E4A5FE8"
"PROJECT_STATE/2026-03-19_STEP6_4_2_SIDEQUEST_PAUSE_CHECKPOINT.md","old_only","True","False","R:\Thesis Project\KC_L v2 - Copy\PROJECT_STATE\2026-03-19_STEP6_4_2_SIDEQUEST_PAUSE_CHECKPOINT.md","","7532","","2026-03-19T11:23:02.5143881Z","","5126A6ECE536CB09475ABF2E17122B53AF5303D91716C753CADA326E5D1C2B2A",""
"PROJECT_STATE/48_SLICE_SCALE_GATE.md","old_only","True","False","R:\Thesis Project\KC_L v2 - Copy\PROJECT_STATE\48_SLICE_SCALE_GATE.md","","1495","","2026-03-24T13:41:35.2942442Z","","DA41121EC687063EB2350EFEE53CFD055D5EA161739D7418D0CBFF8B88DE0A13",""
"PROJECT_STATE/CURRENT_GOAL.md","old_only","True","False","R:\Thesis Project\KC_L v2 - Copy\PROJECT_STATE\CURRENT_GOAL.md","","5199","","2026-03-19T20:08:53.7216394Z","","289CE161416C99C14A4CD00352D747B8E6701B0AEC1D40F172F85006EAF87AAF",""
"PROJECT_STATE/CURRENT_STATE.md","old_only","True","False","R:\Thesis Project\KC_L v2 - Copy\PROJECT_STATE\CURRENT_STATE.md","","8366","","2026-03-19T20:08:53.7186402Z","","01D0C5DB4DFD5379BC60E2BB7B8BE3878D1C7B4C2DFD586BBADEC2A03EC744C2",""
"PROJECT_STATE/KC_SEMANTIC_GATING_POLICY_FROM_SIDEQUEST.md","old_only","True","False","R:\Thesis Project\KC_L v2 - Copy\PROJECT_STATE\KC_SEMANTIC_GATING_POLICY_FROM_SIDEQUEST.md","","6871","","2026-03-19T11:43:45.0861884Z","","D18C5DEAB96A9E5A18EE6EC3EDE885591B1D995CCF813503C9441201B8CD9761",""
"PROJECT_STATE/LATEST_ACCEPTED_RUNS.md","old_only","True","False","R:\Thesis Project\KC_L v2 - Copy\PROJECT_STATE\LATEST_ACCEPTED_RUNS.md","","3482","","2026-03-19T11:24:06.6847722Z","","4B71588058313BF5234A49A1BCDD77178B29FC7B1621D0EC13AC26078D084B4C",""
"PROJECT_STATE/MAIN_QUEST_ENTRY_CONTRACT.md","old_only","True","False","R:\Thesis Project\KC_L v2 - Copy\PROJECT_STATE\MAIN_QUEST_ENTRY_CONTRACT.md","","9776","","2026-03-19T11:45:03.1926668Z","","929C332A56E32F55328CB465D199F7A8268448EA54A916C076480BCF7A5EA847",""
"PROJECT_STATE/MAIN_QUEST_EXECUTION_AUTHORIZATION.md","old_only","True","False","R:\Thesis Project\KC_L v2 - Copy\PROJECT_STATE\MAIN_QUEST_EXECUTION_AUTHORIZATION.md","","4829","","2026-03-19T20:08:53.6387228Z","","ECCAFE41DF058B3EDF94EE5E21AF2BE7E3D163D6138ED13C0A360034762AFE22",""
"PROJECT_STATE/MAIN_QUEST_PREFLIGHT_CHECKLIST.md","old_only","True","False","R:\Thesis Project\KC_L v2 - Copy\PROJECT_STATE\MAIN_QUEST_PREFLIGHT_CHECKLIST.md","","5509","","2026-03-19T21:21:38.9820980Z","","40419E8876A4F8D953452905EA2C550FE540B726A2196CBB5697935D1FE909BB",""
"PROJECT_STATE/MAIN_QUEST_PREFLIGHT_READINESS_REPORT.md","old_only","True","False","R:\Thesis Project\KC_L v2 - Copy\PROJECT_STATE\MAIN_QUEST_PREFLIGHT_READINESS_REPORT.md","","4513","","2026-03-19T21:21:07.6209710Z","","B055079929D8E02E1406F3AEC59FF48A66620B43455310177140E05AFDA8030E",""
"PROJECT_STATE/MAIN_QUEST_PREFLIGHT_RECIPE.md","old_only","True","False","R:\Thesis Project\KC_L v2 - Copy\PROJECT_STATE\MAIN_QUEST_PREFLIGHT_RECIPE.md","","4105","","2026-03-19T20:08:53.6706427Z","","5842A308C103A0D7846D6607B7C99E945329193683C48062852C77418801E219",""
"PROJECT_STATE/REPO_GROUNDED_MASTER_DOSSIER.md","old_only","True","False","R:\Thesis Project\KC_L v2 - Copy\PROJECT_STATE\REPO_GROUNDED_MASTER_DOSSIER.md","","27712","","2026-03-21T19:02:51.6695763Z","","1124DF3062BFE8B5F4F7CF7CE3CE68F34CEE477D5737FEFB0C5ADE4F835E9CB0",""
"PROJECT_STATE/SEMANTIC_NONNEGOTIABLES.md","old_only","True","False","R:\Thesis Project\KC_L v2 - Copy\PROJECT_STATE\SEMANTIC_NONNEGOTIABLES.md","","2167","","2026-03-07T22:53:07.6346977Z","","A532BA7599880D8D4C444C0D7EB358F5788459EC3F519D71D5D0514592B3BD47",""
"pyproject.toml","changed","True","True","R:\Thesis Project\KC_L v2 - Copy\pyproject.toml","R:\Thesis Project\KC_L v2 - Cleaner\pyproject.toml","619","762","2026-02-28T21:14:00.2186098Z","2026-04-02T15:35:00.7601834Z","778F43E1908591A06DAFE9518E913B031014BDE7E66967D430FB57B50413A63D","373F3E4484F9AF2C5BF4E4C508E099CA190F7EE16212AE17979B8DE093E8A62D"
"README.md","changed","True","True","R:\Thesis Project\KC_L v2 - Copy\README.md","R:\Thesis Project\KC_L v2 - Cleaner\README.md","3663","3334","2026-04-01T17:44:41.2410268Z","2026-04-01T23:30:11.8469788Z","4B508C77437B5843EE07682EFBFF4EA2D0AE21F63A588A99AB3C65EDED2745AC","B978EE2AFE441903FD9CCD6495C5E7ED6F65E8F1E58D05973F830DCAAC2DB3E7"
"requirements-dev.txt","clean_only","False","True","","R:\Thesis Project\KC_L v2 - Cleaner\requirements-dev.txt","","120","","2026-04-02T15:35:00.7591828Z","","4ADED08AFF2B16CC5F1D34FE1B7F92795A5A38E47435FB80C90A32976DBDF437"
"requirements-operator.txt","clean_only","False","True","","R:\Thesis Project\KC_L v2 - Cleaner\requirements-operator.txt","","206","","2026-04-02T15:35:00.7571708Z","","873051D8801C0ABF3364934751DB5F22F07640BBBEA079B9763AB1A6C3C42EA9"
"requirements-runtime-notorch.txt","clean_only","False","True","","R:\Thesis Project\KC_L v2 - Cleaner\requirements-runtime-notorch.txt","","868","","2026-04-03T17:01:16.9719063Z","","E42B154D66F9620156BAEED465FBBF759CBCA43F95A98E878CDAEF007B3BD695"
"requirements-runtime.txt","clean_only","False","True","","R:\Thesis Project\KC_L v2 - Cleaner\requirements-runtime.txt","","846","","2026-04-02T15:35:00.7581878Z","","D1790030EE347F9330983204C252121FC333E562CC5B83B008FF6EBE7A521651"
"requirements.txt","changed","True","True","R:\Thesis Project\KC_L v2 - Copy\requirements.txt","R:\Thesis Project\KC_L v2 - Cleaner\requirements.txt","56","114","2026-02-28T21:14:16.3193898Z","2026-04-02T15:35:00.7471838Z","7664B196FF513FF48553346F15F104D8DFB0CF0ADD6040F25884535E2D41E4B8","CD12C5E7D7CEC55F606FE968ACB2BE8A5A192153E8AC0F9FD2FBDB35550D2F0E"
"run_step6_7_model_draft_generation.py","old_only","True","False","R:\Thesis Project\KC_L v2 - Copy\run_step6_7_model_draft_generation.py","","12873","","2026-03-29T22:10:39.0390011Z","","E314193C6A4D025573774C462DCA8900599FDCF5588A8126B236E33243672096",""
"scripts/hpc/render_main_quest_config.py","clean_only","False","True","","R:\Thesis Project\KC_L v2 - Cleaner\scripts\hpc\render_main_quest_config.py","","1214","","2026-04-01T23:39:03.0288485Z","","DFACA5DD09F2C04DD3AEF50F2D7D7E28E07297AE035B46EBF4CC587F85C92DC2"
"scripts/local/run_stage.py","clean_only","False","True","","R:\Thesis Project\KC_L v2 - Cleaner\scripts\local\run_stage.py","","2466","","2026-04-01T23:39:03.0268516Z","","C3A6D960DAD83648E04FC9961914AE1C846B9481689FEC1F4D0C041FF49B6EF6"
"scripts/maintenance/check_operator_repo.py","clean_only","False","True","","R:\Thesis Project\KC_L v2 - Cleaner\scripts\maintenance\check_operator_repo.py","","1095","","2026-04-01T23:39:03.0303562Z","","9189FAE36094FCB79DD63D0FE029EBD8A9D3B0E2811E3607D4A69AC4EAF6428D"
"src/kc_l/__init__.py","same","True","True","R:\Thesis Project\KC_L v2 - Copy\src\kc_l\__init__.py","R:\Thesis Project\KC_L v2 - Cleaner\src\kc_l\__init__.py","0","0","2026-02-28T21:12:58.3734651Z","2026-02-28T21:12:58.3734651Z","E3B0C44298FC1C149AFBF4C8996FB92427AE41E4649B934CA495991B7852B855","E3B0C44298FC1C149AFBF4C8996FB92427AE41E4649B934CA495991B7852B855"
"src/kc_l/audit/__init__.py","same","True","True","R:\Thesis Project\KC_L v2 - Copy\src\kc_l\audit\__init__.py","R:\Thesis Project\KC_L v2 - Cleaner\src\kc_l\audit\__init__.py","0","0","2026-02-28T21:12:58.3754652Z","2026-02-28T21:12:58.3754652Z","E3B0C44298FC1C149AFBF4C8996FB92427AE41E4649B934CA495991B7852B855","E3B0C44298FC1C149AFBF4C8996FB92427AE41E4649B934CA495991B7852B855"
"src/kc_l/audit/logger.py","same","True","True","R:\Thesis Project\KC_L v2 - Copy\src\kc_l\audit\logger.py","R:\Thesis Project\KC_L v2 - Cleaner\src\kc_l\audit\logger.py","642","642","2026-02-28T21:14:57.6224318Z","2026-02-28T21:14:57.6224318Z","F0DD3D782175F68EF7D9C06D5DE43E05B9105B1D60C9394AF3975376C5FE7DB0","F0DD3D782175F68EF7D9C06D5DE43E05B9105B1D60C9394AF3975376C5FE7DB0"
"src/kc_l/audit/manifests.py","same","True","True","R:\Thesis Project\KC_L v2 - Copy\src\kc_l\audit\manifests.py","R:\Thesis Project\KC_L v2 - Cleaner\src\kc_l\audit\manifests.py","2106","2106","2026-03-19T12:01:56.9819415Z","2026-03-19T12:01:56.9819415Z","F7963FC8E19CD912DA53B435A59ACD328EEB3B98B17253E4DE3BC8833FE23A86","F7963FC8E19CD912DA53B435A59ACD328EEB3B98B17253E4DE3BC8833FE23A86"
"src/kc_l/audit/run_audit.py","same","True","True","R:\Thesis Project\KC_L v2 - Copy\src\kc_l\audit\run_audit.py","R:\Thesis Project\KC_L v2 - Cleaner\src\kc_l\audit\run_audit.py","2985","2985","2026-03-01T12:15:16.8569619Z","2026-03-01T12:15:16.8569619Z","DD272315CD45FDCAF0025B9CEE22B989915DADFEC9509D3FE559F53017C99F3E","DD272315CD45FDCAF0025B9CEE22B989915DADFEC9509D3FE559F53017C99F3E"
"src/kc_l/audit/run_context.py","same","True","True","R:\Thesis Project\KC_L v2 - Copy\src\kc_l\audit\run_context.py","R:\Thesis Project\KC_L v2 - Cleaner\src\kc_l\audit\run_context.py","2912","2912","2026-02-28T21:15:04.0087297Z","2026-02-28T21:15:04.0087297Z","6E18AF57E78A41F4113E66A04AABE12C16193FD76C6058ABF38EA70C518D0363","6E18AF57E78A41F4113E66A04AABE12C16193FD76C6058ABF38EA70C518D0363"
"src/kc_l/blockstore/__init__.py","same","True","True","R:\Thesis Project\KC_L v2 - Copy\src\kc_l\blockstore\__init__.py","R:\Thesis Project\KC_L v2 - Cleaner\src\kc_l\blockstore\__init__.py","0","0","2026-03-01T12:11:44.3781495Z","2026-03-01T12:11:44.3781495Z","E3B0C44298FC1C149AFBF4C8996FB92427AE41E4649B934CA495991B7852B855","E3B0C44298FC1C149AFBF4C8996FB92427AE41E4649B934CA495991B7852B855"
"src/kc_l/blockstore/schema.py","same","True","True","R:\Thesis Project\KC_L v2 - Copy\src\kc_l\blockstore\schema.py","R:\Thesis Project\KC_L v2 - Cleaner\src\kc_l\blockstore\schema.py","1328","1328","2026-03-03T21:57:32.5221899Z","2026-03-03T21:57:32.5221899Z","CBAEF883011E4ECF189836EB77A9E8F146BB5CFD245991B5A429A823F0538C9B","CBAEF883011E4ECF189836EB77A9E8F146BB5CFD245991B5A429A823F0538C9B"
"src/kc_l/blockstore/writers.py","same","True","True","R:\Thesis Project\KC_L v2 - Copy\src\kc_l\blockstore\writers.py","R:\Thesis Project\KC_L v2 - Cleaner\src\kc_l\blockstore\writers.py","1178","1178","2026-03-01T12:15:43.5629263Z","2026-03-01T12:15:43.5629263Z","86E167D20CF57F2F0E8B54B8D14A26FA4A22183AEE496802944512FDFED65225","86E167D20CF57F2F0E8B54B8D14A26FA4A22183AEE496802944512FDFED65225"
"src/kc_l/cleaning/__init__.py","same","True","True","R:\Thesis Project\KC_L v2 - Copy\src\kc_l\cleaning\__init__.py","R:\Thesis Project\KC_L v2 - Cleaner\src\kc_l\cleaning\__init__.py","0","0","2026-03-03T15:05:53.2629709Z","2026-03-03T15:05:53.2629709Z","E3B0C44298FC1C149AFBF4C8996FB92427AE41E4649B934CA495991B7852B855","E3B0C44298FC1C149AFBF4C8996FB92427AE41E4649B934CA495991B7852B855"
"src/kc_l/cleaning/boilerplate.py","same","True","True","R:\Thesis Project\KC_L v2 - Copy\src\kc_l\cleaning\boilerplate.py","R:\Thesis Project\KC_L v2 - Cleaner\src\kc_l\cleaning\boilerplate.py","5691","5691","2026-03-03T15:07:08.7187680Z","2026-03-03T15:07:08.7187680Z","212501137A5EFF5F4B870D290CAD0A2BAEBE21DE231138918A19A64CD4FCF1D7","212501137A5EFF5F4B870D290CAD0A2BAEBE21DE231138918A19A64CD4FCF1D7"
"src/kc_l/cleaning/enrich.py","same","True","True","R:\Thesis Project\KC_L v2 - Copy\src\kc_l\cleaning\enrich.py","R:\Thesis Project\KC_L v2 - Cleaner\src\kc_l\cleaning\enrich.py","8429","8429","2026-03-03T15:07:29.0835368Z","2026-03-03T15:07:29.0835368Z","0D44A045BBFEBA9C283FD719CD02F339FA0B7C3F052FEEC5333404BE8B8786AD","0D44A045BBFEBA9C283FD719CD02F339FA0B7C3F052FEEC5333404BE8B8786AD"
"src/kc_l/doctree/__init__.py","same","True","True","R:\Thesis Project\KC_L v2 - Copy\src\kc_l\doctree\__init__.py","R:\Thesis Project\KC_L v2 - Cleaner\src\kc_l\doctree\__init__.py","0","0","2026-03-03T10:34:49.5658106Z","2026-03-03T10:34:49.5658106Z","E3B0C44298FC1C149AFBF4C8996FB92427AE41E4649B934CA495991B7852B855","E3B0C44298FC1C149AFBF4C8996FB92427AE41E4649B934CA495991B7852B855"
"src/kc_l/doctree/build.py","same","True","True","R:\Thesis Project\KC_L v2 - Copy\src\kc_l\doctree\build.py","R:\Thesis Project\KC_L v2 - Cleaner\src\kc_l\doctree\build.py","9409","9409","2026-03-03T10:41:02.5483073Z","2026-03-03T10:41:02.5483073Z","9A43EE3416DE5358F54A8EC74EB89C5D18A7AF1E8511409C87A9E05C69E65D5A","9A43EE3416DE5358F54A8EC74EB89C5D18A7AF1E8511409C87A9E05C69E65D5A"
"src/kc_l/doctree/heuristics.py","same","True","True","R:\Thesis Project\KC_L v2 - Copy\src\kc_l\doctree\heuristics.py","R:\Thesis Project\KC_L v2 - Cleaner\src\kc_l\doctree\heuristics.py","1522","1522","2026-03-03T10:37:45.0633522Z","2026-03-03T10:37:45.0633522Z","A2710D84BB212C5E4E66FE0347820F59FA1A2AD82975DEEF3D1FA489545B6E1D","A2710D84BB212C5E4E66FE0347820F59FA1A2AD82975DEEF3D1FA489545B6E1D"
"src/kc_l/doctree/schema.py","same","True","True","R:\Thesis Project\KC_L v2 - Copy\src\kc_l\doctree\schema.py","R:\Thesis Project\KC_L v2 - Cleaner\src\kc_l\doctree\schema.py","669","669","2026-03-03T10:37:22.4248582Z","2026-03-03T10:37:22.4248582Z","4ECF0AC05763F916B7223DD734D327859A2CF924AA714E694C8A29FE58658B5B","4ECF0AC05763F916B7223DD734D327859A2CF924AA714E694C8A29FE58658B5B"
"src/kc_l/doctree/writers.py","same","True","True","R:\Thesis Project\KC_L v2 - Copy\src\kc_l\doctree\writers.py","R:\Thesis Project\KC_L v2 - Cleaner\src\kc_l\doctree\writers.py","566","566","2026-03-03T10:37:37.4903265Z","2026-03-03T10:37:37.4903265Z","5D15A6E8857A22D9C1FC04E151DDFFA1DBACD810889BE2AB13D0C043027531D7","5D15A6E8857A22D9C1FC04E151DDFFA1DBACD810889BE2AB13D0C043027531D7"
"src/kc_l/hierarchy_overlay/__init__.py","same","True","True","R:\Thesis Project\KC_L v2 - Copy\src\kc_l\hierarchy_overlay\__init__.py","R:\Thesis Project\KC_L v2 - Cleaner\src\kc_l\hierarchy_overlay\__init__.py","546","546","2026-03-10T00:47:12.8661833Z","2026-03-10T00:47:12.8661833Z","59EDE6187719C4F00FE26B3EC9D58DDA66E50E1B641714956046EE8BDCEDC086","59EDE6187719C4F00FE26B3EC9D58DDA66E50E1B641714956046EE8BDCEDC086"
"src/kc_l/hierarchy_overlay/builder.py","same","True","True","R:\Thesis Project\KC_L v2 - Copy\src\kc_l\hierarchy_overlay\builder.py","R:\Thesis Project\KC_L v2 - Cleaner\src\kc_l\hierarchy_overlay\builder.py","8637","8637","2026-03-10T00:56:49.4666106Z","2026-03-10T00:56:49.4666106Z","A4EA5F82D05F33F3793787966F2BF33F6370F56263FE918993F9557DE12F47E1","A4EA5F82D05F33F3793787966F2BF33F6370F56263FE918993F9557DE12F47E1"
"src/kc_l/hierarchy_overlay/model.py","same","True","True","R:\Thesis Project\KC_L v2 - Copy\src\kc_l\hierarchy_overlay\model.py","R:\Thesis Project\KC_L v2 - Cleaner\src\kc_l\hierarchy_overlay\model.py","1601","1601","2026-03-10T00:47:12.8661833Z","2026-03-10T00:47:12.8661833Z","AC08F3DB0201C7DD0193938A8E8FC019E98E21A22D9CA9A420845F5981EFB3B7","AC08F3DB0201C7DD0193938A8E8FC019E98E21A22D9CA9A420845F5981EFB3B7"
"src/kc_l/hierarchy_overlay/validator.py","same","True","True","R:\Thesis Project\KC_L v2 - Copy\src\kc_l\hierarchy_overlay\validator.py","R:\Thesis Project\KC_L v2 - Cleaner\src\kc_l\hierarchy_overlay\validator.py","13041","13041","2026-03-10T00:51:02.6137716Z","2026-03-10T00:51:02.6137716Z","2A2AF30C145F7F30DFBC7528FC67634BE02758AFDDDCF7364F1101EC1EC1845D","2A2AF30C145F7F30DFBC7528FC67634BE02758AFDDDCF7364F1101EC1EC1845D"
"src/kc_l/hierarchy/__init__.py","same","True","True","R:\Thesis Project\KC_L v2 - Copy\src\kc_l\hierarchy\__init__.py","R:\Thesis Project\KC_L v2 - Cleaner\src\kc_l\hierarchy\__init__.py","0","0","2026-02-28T21:12:58.3784645Z","2026-02-28T21:12:58.3784645Z","E3B0C44298FC1C149AFBF4C8996FB92427AE41E4649B934CA495991B7852B855","E3B0C44298FC1C149AFBF4C8996FB92427AE41E4649B934CA495991B7852B855"
"src/kc_l/hierarchy/loader.py","same","True","True","R:\Thesis Project\KC_L v2 - Copy\src\kc_l\hierarchy\loader.py","R:\Thesis Project\KC_L v2 - Cleaner\src\kc_l\hierarchy\loader.py","1831","1831","2026-02-28T21:15:22.9724735Z","2026-02-28T21:15:22.9724735Z","7DA9BE383B0D294E4CDC22AB11B52FE6ACA517D42D7CD312E28E086A746629FB","7DA9BE383B0D294E4CDC22AB11B52FE6ACA517D42D7CD312E28E086A746629FB"
"src/kc_l/hierarchy/normalize.py","same","True","True","R:\Thesis Project\KC_L v2 - Copy\src\kc_l\hierarchy\normalize.py","R:\Thesis Project\KC_L v2 - Cleaner\src\kc_l\hierarchy\normalize.py","450","450","2026-02-28T21:15:38.7800607Z","2026-02-28T21:15:38.7800607Z","31873EE979A8A2C563AF17B82F9A0307085245A54715BA40BACCED26541595FD","31873EE979A8A2C563AF17B82F9A0307085245A54715BA40BACCED26541595FD"
"src/kc_l/hierarchy/stats.py","same","True","True","R:\Thesis Project\KC_L v2 - Copy\src\kc_l\hierarchy\stats.py","R:\Thesis Project\KC_L v2 - Cleaner\src\kc_l\hierarchy\stats.py","1146","1146","2026-02-28T21:15:46.3282631Z","2026-02-28T21:15:46.3282631Z","093AA7978BB651B0DB5DE34771B43904DA1E027FF4FB18E7832FADA93048512A","093AA7978BB651B0DB5DE34771B43904DA1E027FF4FB18E7832FADA93048512A"
"src/kc_l/hierarchy/validators.py","same","True","True","R:\Thesis Project\KC_L v2 - Copy\src\kc_l\hierarchy\validators.py","R:\Thesis Project\KC_L v2 - Cleaner\src\kc_l\hierarchy\validators.py","2243","2243","2026-02-28T21:15:30.9299365Z","2026-02-28T21:15:30.9299365Z","7DA52A154D8E6E8FFACBC22FF573EEFBDDAB482B4656283BDAED088AC6206F4B","7DA52A154D8E6E8FFACBC22FF573EEFBDDAB482B4656283BDAED088AC6206F4B"
"src/kc_l/kc/__init__.py","same","True","True","R:\Thesis Project\KC_L v2 - Copy\src\kc_l\kc\__init__.py","R:\Thesis Project\KC_L v2 - Cleaner\src\kc_l\kc\__init__.py","1204","1204","2026-03-22T18:53:35.6623224Z","2026-03-22T18:53:35.6623224Z","BCE6580D6D01393CA2AB5635205181EB41713BC2BAA592ADE3C34A2785B90638","BCE6580D6D01393CA2AB5635205181EB41713BC2BAA592ADE3C34A2785B90638"
"src/kc_l/kc/downstream_library.py","same","True","True","R:\Thesis Project\KC_L v2 - Copy\src\kc_l\kc\downstream_library.py","R:\Thesis Project\KC_L v2 - Cleaner\src\kc_l\kc\downstream_library.py","11718","11718","2026-03-22T18:55:21.8921415Z","2026-03-22T18:55:21.8921415Z","FEB50D9EB699CC16D9AA5D0E1D6B0C3D4F0DB902F6352A98F927D72D1EAB29D7","FEB50D9EB699CC16D9AA5D0E1D6B0C3D4F0DB902F6352A98F927D72D1EAB29D7"
"src/kc_l/kc/draft_generation.py","same","True","True","R:\Thesis Project\KC_L v2 - Copy\src\kc_l\kc\draft_generation.py","R:\Thesis Project\KC_L v2 - Cleaner\src\kc_l\kc\draft_generation.py","79869","79869","2026-03-27T17:54:58.8962732Z","2026-03-27T17:54:58.8962732Z","97B35BA8A6B7726D2A661DBA959F171BD7DE39CA8F2FD16370F84D4934D97B0B","97B35BA8A6B7726D2A661DBA959F171BD7DE39CA8F2FD16370F84D4934D97B0B"
"src/kc_l/kc/drafting_input_overlay.py","same","True","True","R:\Thesis Project\KC_L v2 - Copy\src\kc_l\kc\drafting_input_overlay.py","R:\Thesis Project\KC_L v2 - Cleaner\src\kc_l\kc\drafting_input_overlay.py","22426","22426","2026-03-22T21:02:26.5428331Z","2026-03-22T21:02:26.5428331Z","398D18E95F7972BF648CD73E29744B8A2F345F328E5540F884B8BB797E19D54C","398D18E95F7972BF648CD73E29744B8A2F345F328E5540F884B8BB797E19D54C"
"src/kc_l/kc/exchange_matching_pilot.py","same","True","True","R:\Thesis Project\KC_L v2 - Copy\src\kc_l\kc\exchange_matching_pilot.py","R:\Thesis Project\KC_L v2 - Cleaner\src\kc_l\kc\exchange_matching_pilot.py","39647","39647","2026-03-26T18:54:10.0908945Z","2026-03-26T18:54:10.0908945Z","8CD2396AAF2F87478E65861F1CD0B30DC7744AEBDE78018656C6FA1C3AA1FD81","8CD2396AAF2F87478E65861F1CD0B30DC7744AEBDE78018656C6FA1C3AA1FD81"
"src/kc_l/kc/restarted_human_review_capture.py","same","True","True","R:\Thesis Project\KC_L v2 - Copy\src\kc_l\kc\restarted_human_review_capture.py","R:\Thesis Project\KC_L v2 - Cleaner\src\kc_l\kc\restarted_human_review_capture.py","18767","18767","2026-03-27T12:10:43.9705475Z","2026-03-27T12:10:43.9705475Z","288DF5C3965F5B67147370E1C7010B14D4AAE42888F6889638310F6031FD1ECC","288DF5C3965F5B67147370E1C7010B14D4AAE42888F6889638310F6031FD1ECC"
"src/kc_l/kc/restarted_human_review_pass.py","same","True","True","R:\Thesis Project\KC_L v2 - Copy\src\kc_l\kc\restarted_human_review_pass.py","R:\Thesis Project\KC_L v2 - Cleaner\src\kc_l\kc\restarted_human_review_pass.py","56344","56344","2026-03-24T15:48:49.1688320Z","2026-03-24T15:48:49.1688320Z","FC7833B1A891EF9933EF15BEE42D26E1D6624EA5AD8714E9D34F57D48B516482","FC7833B1A891EF9933EF15BEE42D26E1D6624EA5AD8714E9D34F57D48B516482"
"src/kc_l/kc/restarted_packet_failure_audit.py","same","True","True","R:\Thesis Project\KC_L v2 - Copy\src\kc_l\kc\restarted_packet_failure_audit.py","R:\Thesis Project\KC_L v2 - Cleaner\src\kc_l\kc\restarted_packet_failure_audit.py","40233","40233","2026-03-25T21:58:40.5284021Z","2026-03-25T21:58:40.5284021Z","608076175E8F7A95B71A4A91EE2F6E321BBFBA66B73AC9197F958CFD4A2F8B32","608076175E8F7A95B71A4A91EE2F6E321BBFBA66B73AC9197F958CFD4A2F8B32"
"src/kc_l/kc/restarted_retrieval_pilot.py","same","True","True","R:\Thesis Project\KC_L v2 - Copy\src\kc_l\kc\restarted_retrieval_pilot.py","R:\Thesis Project\KC_L v2 - Cleaner\src\kc_l\kc\restarted_retrieval_pilot.py","41776","41776","2026-03-26T17:48:06.6295918Z","2026-03-26T17:48:06.6295918Z","BBA9A4F290C70519FA98182DEDDF9562796AAAEA0599766FC072A215E811B95C","BBA9A4F290C70519FA98182DEDDF9562796AAAEA0599766FC072A215E811B95C"
"src/kc_l/kc/restarted_review_audit_resolution.py","same","True","True","R:\Thesis Project\KC_L v2 - Copy\src\kc_l\kc\restarted_review_audit_resolution.py","R:\Thesis Project\KC_L v2 - Cleaner\src\kc_l\kc\restarted_review_audit_resolution.py","26798","26798","2026-03-26T15:39:50.1013521Z","2026-03-26T15:39:50.1013521Z","4B18C3ACF66495AF51E4C8C6E2519D2F317B131635B291CC0285FBA3D7FFD406","4B18C3ACF66495AF51E4C8C6E2519D2F317B131635B291CC0285FBA3D7FFD406"
"src/kc_l/kc/restarted_review_audits.py","same","True","True","R:\Thesis Project\KC_L v2 - Copy\src\kc_l\kc\restarted_review_audits.py","R:\Thesis Project\KC_L v2 - Cleaner\src\kc_l\kc\restarted_review_audits.py","24740","24740","2026-03-26T15:38:01.9450111Z","2026-03-26T15:38:01.9450111Z","DD9B9F6A188185990C76E1AE5E38E6D65B869DD194A369099039A00610FEE107","DD9B9F6A188185990C76E1AE5E38E6D65B869DD194A369099039A00610FEE107"
"src/kc_l/kc/restarted_review_packets.py","same","True","True","R:\Thesis Project\KC_L v2 - Copy\src\kc_l\kc\restarted_review_packets.py","R:\Thesis Project\KC_L v2 - Cleaner\src\kc_l\kc\restarted_review_packets.py","25454","25454","2026-03-29T22:13:49.1454402Z","2026-03-29T22:13:49.1454402Z","986A0F0A7042A021B256614D9E5B78795AA270AD62C8442E8B173BC13298CFE7","986A0F0A7042A021B256614D9E5B78795AA270AD62C8442E8B173BC13298CFE7"
"src/kc_l/kc/restarted_reviewed_library_assembly.py","same","True","True","R:\Thesis Project\KC_L v2 - Copy\src\kc_l\kc\restarted_reviewed_library_assembly.py","R:\Thesis Project\KC_L v2 - Cleaner\src\kc_l\kc\restarted_reviewed_library_assembly.py","29790","29790","2026-03-23T14:52:48.9803940Z","2026-03-23T14:52:48.9803940Z","92A8A36D6D0E999D13C677FF2734E5982AD7658DFEAAAFDED7D5C36A2A770BA7","92A8A36D6D0E999D13C677FF2734E5982AD7658DFEAAAFDED7D5C36A2A770BA7"
"src/kc_l/kc/restarted_reviewer_session.py","same","True","True","R:\Thesis Project\KC_L v2 - Copy\src\kc_l\kc\restarted_reviewer_session.py","R:\Thesis Project\KC_L v2 - Cleaner\src\kc_l\kc\restarted_reviewer_session.py","18391","18391","2026-03-23T14:09:10.9220408Z","2026-03-23T14:09:10.9220408Z","E354B0BE9E4B384461548BE15C38E1C08F0116ECC323D0354316A4851B377160","E354B0BE9E4B384461548BE15C38E1C08F0116ECC323D0354316A4851B377160"
"src/kc_l/kc/restarted_runtime_packaging.py","same","True","True","R:\Thesis Project\KC_L v2 - Copy\src\kc_l\kc\restarted_runtime_packaging.py","R:\Thesis Project\KC_L v2 - Cleaner\src\kc_l\kc\restarted_runtime_packaging.py","12277","12277","2026-03-23T14:59:46.4683580Z","2026-03-23T14:59:46.4683580Z","300667B1BBD6B444BDAC0947694AF7B80282775EEDD1B4BE1BFAA4F9B00B4D3E","300667B1BBD6B444BDAC0947694AF7B80282775EEDD1B4BE1BFAA4F9B00B4D3E"
"src/kc_l/kc/review_packets.py","same","True","True","R:\Thesis Project\KC_L v2 - Copy\src\kc_l\kc\review_packets.py","R:\Thesis Project\KC_L v2 - Cleaner\src\kc_l\kc\review_packets.py","75997","75997","2026-03-23T00:26:58.7995378Z","2026-03-23T00:26:58.7995378Z","E64F651FF8B44BD51A3B89A9EAC9E20EEE60C463B03EECEB8FE3E0E13379B537","E64F651FF8B44BD51A3B89A9EAC9E20EEE60C463B03EECEB8FE3E0E13379B537"
"src/kc_l/kc/schemas/__init__.py","same","True","True","R:\Thesis Project\KC_L v2 - Copy\src\kc_l\kc\schemas\__init__.py","R:\Thesis Project\KC_L v2 - Cleaner\src\kc_l\kc\schemas\__init__.py","61","61","2026-03-22T00:33:25.0828004Z","2026-03-22T00:33:25.0828004Z","BAAEA17F2C5AD514964134C9AA44DFF5324A4933447D5FE17A41E3ED60138D9B","BAAEA17F2C5AD514964134C9AA44DFF5324A4933447D5FE17A41E3ED60138D9B"
"src/kc_l/kc/schemas/downstream_library_contract.json","same","True","True","R:\Thesis Project\KC_L v2 - Copy\src\kc_l\kc\schemas\downstream_library_contract.json","R:\Thesis Project\KC_L v2 - Cleaner\src\kc_l\kc\schemas\downstream_library_contract.json","3067","3067","2026-03-22T18:52:49.5236839Z","2026-03-22T18:52:49.5236839Z","D55B08562253C04FAEC0DE61F266D6ED5F119A8FC4C930925C2DE0C03725DA81","D55B08562253C04FAEC0DE61F266D6ED5F119A8FC4C930925C2DE0C03725DA81"
"src/kc_l/kc/schemas/review_audit.schema.json","same","True","True","R:\Thesis Project\KC_L v2 - Copy\src\kc_l\kc\schemas\review_audit.schema.json","R:\Thesis Project\KC_L v2 - Cleaner\src\kc_l\kc\schemas\review_audit.schema.json","5453","5453","2026-03-23T14:21:16.6614607Z","2026-03-23T14:21:16.6614607Z","0899E8FCAD52C91980293B4C3B2DCE14D6A85F169482215F469B890E22C6A336","0899E8FCAD52C91980293B4C3B2DCE14D6A85F169482215F469B890E22C6A336"
"src/kc_l/kc/schemas/review_packet.schema.json","same","True","True","R:\Thesis Project\KC_L v2 - Copy\src\kc_l\kc\schemas\review_packet.schema.json","R:\Thesis Project\KC_L v2 - Cleaner\src\kc_l\kc\schemas\review_packet.schema.json","13789","13789","2026-03-23T00:26:58.7995378Z","2026-03-23T00:26:58.7995378Z","74AD886B385FA1C64EF7A6C27C31AF1E1DAC3BB7ACC4A2C1DAA15803FAD124D3","74AD886B385FA1C64EF7A6C27C31AF1E1DAC3BB7ACC4A2C1DAA15803FAD124D3"
"src/kc_l/kc/supervision.py","same","True","True","R:\Thesis Project\KC_L v2 - Copy\src\kc_l\kc\supervision.py","R:\Thesis Project\KC_L v2 - Cleaner\src\kc_l\kc\supervision.py","12106","12106","2026-03-23T01:06:59.9451191Z","2026-03-23T01:06:59.9451191Z","C57B4DB06D89FF11A4E5232694B696B67312C03363A75794114B330DB09BA9F5","C57B4DB06D89FF11A4E5232694B696B67312C03363A75794114B330DB09BA9F5"
"src/kc_l/kc/validators.py","same","True","True","R:\Thesis Project\KC_L v2 - Copy\src\kc_l\kc\validators.py","R:\Thesis Project\KC_L v2 - Cleaner\src\kc_l\kc\validators.py","16604","16604","2026-03-06T12:39:36.1728465Z","2026-03-06T12:39:36.1728465Z","4223C2C60DEC94F8A6EACAA84F4855AD4FF99EC46A44E12BD5EACD14F9C1B04E","4223C2C60DEC94F8A6EACAA84F4855AD4FF99EC46A44E12BD5EACD14F9C1B04E"
"src/kc_l/knowledge_library/__init__.py","same","True","True","R:\Thesis Project\KC_L v2 - Copy\src\kc_l\knowledge_library\__init__.py","R:\Thesis Project\KC_L v2 - Cleaner\src\kc_l\knowledge_library\__init__.py","2272","2272","2026-04-01T16:38:04.9849803Z","2026-04-01T16:38:04.9849803Z","AACC3C08DD1EE115CE6C5265EC76CF564CBC43FEA892BABB462BF9C800F24C11","AACC3C08DD1EE115CE6C5265EC76CF564CBC43FEA892BABB462BF9C800F24C11"
"src/kc_l/knowledge_library/access.py","changed","True","True","R:\Thesis Project\KC_L v2 - Copy\src\kc_l\knowledge_library\access.py","R:\Thesis Project\KC_L v2 - Cleaner\src\kc_l\knowledge_library\access.py","27067","26538","2026-04-01T16:21:50.9795519Z","2026-04-01T23:39:28.0454380Z","FE15C2C600646465F292C9605D122BAF01BBA3F04FAA54AF063ED224DB0E6C85","9A06A4FF5A2602240DE2F308AC03A6D944E994ADC8549B667AC5E0EAB2B6157B"
"src/kc_l/knowledge_library/contracts.py","same","True","True","R:\Thesis Project\KC_L v2 - Copy\src\kc_l\knowledge_library\contracts.py","R:\Thesis Project\KC_L v2 - Cleaner\src\kc_l\knowledge_library\contracts.py","3619","3619","2026-04-01T15:53:52.5678311Z","2026-04-01T15:53:52.5678311Z","69E7B8B59CB14FC95AAFB4DDD84D98C0DAA7F1159086C2A14904C03EB801C3A1","69E7B8B59CB14FC95AAFB4DDD84D98C0DAA7F1159086C2A14904C03EB801C3A1"
"src/kc_l/knowledge_library/grounding_bridge.py","changed","True","True","R:\Thesis Project\KC_L v2 - Copy\src\kc_l\knowledge_library\grounding_bridge.py","R:\Thesis Project\KC_L v2 - Cleaner\src\kc_l\knowledge_library\grounding_bridge.py","23512","23570","2026-04-01T16:37:48.1260388Z","2026-04-01T23:39:28.0514689Z","53F665E55309A11AF7B1F1D1394678176A33BA9D4035D65E9A1EC1377654C01D","CCFECBA14868B1A006153DD50F8A561D7665AE53BF5F9F1B03933BD7650F94B2"
"src/kc_l/knowledge_library/validation.py","same","True","True","R:\Thesis Project\KC_L v2 - Copy\src\kc_l\knowledge_library\validation.py","R:\Thesis Project\KC_L v2 - Cleaner\src\kc_l\knowledge_library\validation.py","30473","30473","2026-04-01T16:02:27.0502263Z","2026-04-01T16:02:27.0502263Z","169B54A36273192FE65AB7A126A15BE6A1A5B01360D96F12422300900FAEBC01","169B54A36273192FE65AB7A126A15BE6A1A5B01360D96F12422300900FAEBC01"
"src/kc_l/math_salvage/__init__.py","same","True","True","R:\Thesis Project\KC_L v2 - Copy\src\kc_l\math_salvage\__init__.py","R:\Thesis Project\KC_L v2 - Cleaner\src\kc_l\math_salvage\__init__.py","0","0","2026-03-03T15:30:26.2431123Z","2026-03-03T15:30:26.2431123Z","E3B0C44298FC1C149AFBF4C8996FB92427AE41E4649B934CA495991B7852B855","E3B0C44298FC1C149AFBF4C8996FB92427AE41E4649B934CA495991B7852B855"
"src/kc_l/math_salvage/io.py","same","True","True","R:\Thesis Project\KC_L v2 - Copy\src\kc_l\math_salvage\io.py","R:\Thesis Project\KC_L v2 - Cleaner\src\kc_l\math_salvage\io.py","970","970","2026-03-03T21:58:59.7046760Z","2026-03-03T21:58:59.7046760Z","50AA100BFEFB9AE278AD8D1323F9A1EF6CFCBF717E51FD335412CD6E2E0E553B","50AA100BFEFB9AE278AD8D1323F9A1EF6CFCBF717E51FD335412CD6E2E0E553B"
"src/kc_l/math_salvage/mineru_salvage.py","same","True","True","R:\Thesis Project\KC_L v2 - Copy\src\kc_l\math_salvage\mineru_salvage.py","R:\Thesis Project\KC_L v2 - Cleaner\src\kc_l\math_salvage\mineru_salvage.py","5922","5922","2026-03-03T21:59:31.5462384Z","2026-03-03T21:59:31.5462384Z","C0EB257BF56B847F52F6986AD13C0C6580131A219C500412D1EB3A8B84CE7670","C0EB257BF56B847F52F6986AD13C0C6580131A219C500412D1EB3A8B84CE7670"
"src/kc_l/math_salvage/pipeline.py","same","True","True","R:\Thesis Project\KC_L v2 - Copy\src\kc_l\math_salvage\pipeline.py","R:\Thesis Project\KC_L v2 - Cleaner\src\kc_l\math_salvage\pipeline.py","3730","3730","2026-03-03T22:01:27.2211269Z","2026-03-03T22:01:27.2211269Z","1812FC1335DDFE6ECCFA64680FB49E058775725A12B527C6A27D9A5EF44C501D","1812FC1335DDFE6ECCFA64680FB49E058775725A12B527C6A27D9A5EF44C501D"
"src/kc_l/math_salvage/qc.py","same","True","True","R:\Thesis Project\KC_L v2 - Copy\src\kc_l\math_salvage\qc.py","R:\Thesis Project\KC_L v2 - Cleaner\src\kc_l\math_salvage\qc.py","8810","8810","2026-03-03T22:58:05.7259616Z","2026-03-03T22:58:05.7259616Z","482713EC6B4D085C4F9C4A1CB63EC1E136A7B93C4F4B7AD9EC2B751C33591C71","482713EC6B4D085C4F9C4A1CB63EC1E136A7B93C4F4B7AD9EC2B751C33591C71"
"src/kc_l/parsing/__init__.py","same","True","True","R:\Thesis Project\KC_L v2 - Copy\src\kc_l\parsing\__init__.py","R:\Thesis Project\KC_L v2 - Cleaner\src\kc_l\parsing\__init__.py","0","0","2026-03-01T12:11:44.3801447Z","2026-03-01T12:11:44.3801447Z","E3B0C44298FC1C149AFBF4C8996FB92427AE41E4649B934CA495991B7852B855","E3B0C44298FC1C149AFBF4C8996FB92427AE41E4649B934CA495991B7852B855"
"src/kc_l/parsing/blockstore_builder.py","same","True","True","R:\Thesis Project\KC_L v2 - Copy\src\kc_l\parsing\blockstore_builder.py","R:\Thesis Project\KC_L v2 - Cleaner\src\kc_l\parsing\blockstore_builder.py","7449","7449","2026-03-01T13:57:31.7297553Z","2026-03-01T13:57:31.7297553Z","757ABFBC8B4369DDD1AB1C8DD4A8BC2AF877B50F3BE4AB914730D2C14BDED3CB","757ABFBC8B4369DDD1AB1C8DD4A8BC2AF877B50F3BE4AB914730D2C14BDED3CB"
"src/kc_l/parsing/docling_layer.py","same","True","True","R:\Thesis Project\KC_L v2 - Copy\src\kc_l\parsing\docling_layer.py","R:\Thesis Project\KC_L v2 - Cleaner\src\kc_l\parsing\docling_layer.py","8723","8723","2026-03-01T13:16:03.1806061Z","2026-03-01T13:16:03.1806061Z","ECB5A98A1AE7AC1E0518F92602549588EC5935B2434DBEFA16CD46A42C2D9A6B","ECB5A98A1AE7AC1E0518F92602549588EC5935B2434DBEFA16CD46A42C2D9A6B"
"src/kc_l/parsing/mineru_layer.py","same","True","True","R:\Thesis Project\KC_L v2 - Copy\src\kc_l\parsing\mineru_layer.py","R:\Thesis Project\KC_L v2 - Cleaner\src\kc_l\parsing\mineru_layer.py","8930","8930","2026-03-01T14:16:51.0913765Z","2026-03-01T14:16:51.0913765Z","FC376C43EF17EA8B93095AE32D5F1B6C028FF24E13E514D513D61256F74E6B4E","FC376C43EF17EA8B93095AE32D5F1B6C028FF24E13E514D513D61256F74E6B4E"
"src/kc_l/parsing/page_render.py","same","True","True","R:\Thesis Project\KC_L v2 - Copy\src\kc_l\parsing\page_render.py","R:\Thesis Project\KC_L v2 - Cleaner\src\kc_l\parsing\page_render.py","1002","1002","2026-03-01T12:16:09.0828731Z","2026-03-01T12:16:09.0828731Z","C4C9550A80C3D2B9937517D2A4F26BFD01D6DB9AE479CEC3836BBB677E6C748B","C4C9550A80C3D2B9937517D2A4F26BFD01D6DB9AE479CEC3836BBB677E6C748B"
"src/kc_l/parsing/pymupdf_layer.py","same","True","True","R:\Thesis Project\KC_L v2 - Copy\src\kc_l\parsing\pymupdf_layer.py","R:\Thesis Project\KC_L v2 - Cleaner\src\kc_l\parsing\pymupdf_layer.py","3262","3262","2026-03-01T12:15:58.9357865Z","2026-03-01T12:15:58.9357865Z","9681AA4A21EC055ADC8F650BB271AA66987FB58A512D5EB9CA920C4A11C093FB","9681AA4A21EC055ADC8F650BB271AA66987FB58A512D5EB9CA920C4A11C093FB"
"src/kc_l/retrieval_gate/__init__.py","same","True","True","R:\Thesis Project\KC_L v2 - Copy\src\kc_l\retrieval_gate\__init__.py","R:\Thesis Project\KC_L v2 - Cleaner\src\kc_l\retrieval_gate\__init__.py","841","841","2026-03-07T15:47:58.3374006Z","2026-03-07T15:47:58.3374006Z","F3748E6C0F450ECF09EAADD07C6C96EC027E5500D914BA61937B1D3852419F38","F3748E6C0F450ECF09EAADD07C6C96EC027E5500D914BA61937B1D3852419F38"
"src/kc_l/retrieval_gate/provenance_normalize.py","same","True","True","R:\Thesis Project\KC_L v2 - Copy\src\kc_l\retrieval_gate\provenance_normalize.py","R:\Thesis Project\KC_L v2 - Cleaner\src\kc_l\retrieval_gate\provenance_normalize.py","20747","20747","2026-03-08T11:39:57.6780337Z","2026-03-08T11:39:57.6780337Z","DA6ADA377CC71DAF586CAB92A5D8E4DB112BEC111487647E3DC5FA1B0B67996A","DA6ADA377CC71DAF586CAB92A5D8E4DB112BEC111487647E3DC5FA1B0B67996A"
"src/kc_l/retrieval_gate/role_scoring.py","same","True","True","R:\Thesis Project\KC_L v2 - Copy\src\kc_l\retrieval_gate\role_scoring.py","R:\Thesis Project\KC_L v2 - Cleaner\src\kc_l\retrieval_gate\role_scoring.py","6561","6561","2026-03-08T11:47:57.4234862Z","2026-03-08T11:47:57.4234862Z","4DE9A9BDC118ECBE7A98719808978A0BF82FB21F55010DF0729B3E2797283C1F","4DE9A9BDC118ECBE7A98719808978A0BF82FB21F55010DF0729B3E2797283C1F"
"src/kc_l/retrieval_gate/semantic.py","same","True","True","R:\Thesis Project\KC_L v2 - Copy\src\kc_l\retrieval_gate\semantic.py","R:\Thesis Project\KC_L v2 - Cleaner\src\kc_l\retrieval_gate\semantic.py","9032","9032","2026-03-08T11:37:53.3758202Z","2026-03-08T11:37:53.3758202Z","3345579277FBBE9BF29350DF2AB425E26A4CD6ABAC3D57FC7DDAC7719D5656C5","3345579277FBBE9BF29350DF2AB425E26A4CD6ABAC3D57FC7DDAC7719D5656C5"
"src/kc_l/retrieval_gate/text_normalize.py","same","True","True","R:\Thesis Project\KC_L v2 - Copy\src\kc_l\retrieval_gate\text_normalize.py","R:\Thesis Project\KC_L v2 - Cleaner\src\kc_l\retrieval_gate\text_normalize.py","3485","3485","2026-03-08T11:37:53.3744066Z","2026-03-08T11:37:53.3744066Z","4AA6C42A959A14443C8D0EA551DAAA0184D855495FA798434434D4E436BCEC15","4AA6C42A959A14443C8D0EA551DAAA0184D855495FA798434434D4E436BCEC15"
"src/kc_l/retrieval_rerank/__init__.py","same","True","True","R:\Thesis Project\KC_L v2 - Copy\src\kc_l\retrieval_rerank\__init__.py","R:\Thesis Project\KC_L v2 - Cleaner\src\kc_l\retrieval_rerank\__init__.py","178","178","2026-03-07T15:41:58.6149075Z","2026-03-07T15:41:58.6149075Z","70688B1245FC46EAE6DF342679888A59975E4193FF55A71ED763CC4142014460","70688B1245FC46EAE6DF342679888A59975E4193FF55A71ED763CC4142014460"
"src/kc_l/retrieval_rerank/cross_encoder.py","same","True","True","R:\Thesis Project\KC_L v2 - Copy\src\kc_l\retrieval_rerank\cross_encoder.py","R:\Thesis Project\KC_L v2 - Cleaner\src\kc_l\retrieval_rerank\cross_encoder.py","7688","7688","2026-03-08T13:27:35.0635256Z","2026-03-08T13:27:35.0635256Z","1A9643483BDA64CF551A1F84335281AB769562699DEB6CDADB8F32F41D37D59C","1A9643483BDA64CF551A1F84335281AB769562699DEB6CDADB8F32F41D37D59C"
"src/kc_l/retrieval/__init__.py","same","True","True","R:\Thesis Project\KC_L v2 - Copy\src\kc_l\retrieval\__init__.py","R:\Thesis Project\KC_L v2 - Cleaner\src\kc_l\retrieval\__init__.py","0","0","2026-03-04T10:44:49.7819542Z","2026-03-04T10:44:49.7819542Z","E3B0C44298FC1C149AFBF4C8996FB92427AE41E4649B934CA495991B7852B855","E3B0C44298FC1C149AFBF4C8996FB92427AE41E4649B934CA495991B7852B855"
"src/kc_l/retrieval/backends/__init__.py","same","True","True","R:\Thesis Project\KC_L v2 - Copy\src\kc_l\retrieval\backends\__init__.py","R:\Thesis Project\KC_L v2 - Cleaner\src\kc_l\retrieval\backends\__init__.py","0","0","2026-03-04T10:44:49.8013728Z","2026-03-04T10:44:49.8013728Z","E3B0C44298FC1C149AFBF4C8996FB92427AE41E4649B934CA495991B7852B855","E3B0C44298FC1C149AFBF4C8996FB92427AE41E4649B934CA495991B7852B855"
"src/kc_l/retrieval/build/__init__.py","same","True","True","R:\Thesis Project\KC_L v2 - Copy\src\kc_l\retrieval\build\__init__.py","R:\Thesis Project\KC_L v2 - Cleaner\src\kc_l\retrieval\build\__init__.py","0","0","2026-03-04T10:44:49.8074259Z","2026-03-04T10:44:49.8074259Z","E3B0C44298FC1C149AFBF4C8996FB92427AE41E4649B934CA495991B7852B855","E3B0C44298FC1C149AFBF4C8996FB92427AE41E4649B934CA495991B7852B855"
"src/kc_l/retrieval/build/page_patches.py","same","True","True","R:\Thesis Project\KC_L v2 - Copy\src\kc_l\retrieval\build\page_patches.py","R:\Thesis Project\KC_L v2 - Cleaner\src\kc_l\retrieval\build\page_patches.py","28532","28532","2026-03-04T14:04:08.4211110Z","2026-03-04T14:04:08.4211110Z","0298B42A2DCDE79F9667E977EC5E55D77DB4E6507B79DC02562D4F7F92A6CE3F","0298B42A2DCDE79F9667E977EC5E55D77DB4E6507B79DC02562D4F7F92A6CE3F"
"src/kc_l/retrieval/schemas/__init__.py","same","True","True","R:\Thesis Project\KC_L v2 - Copy\src\kc_l\retrieval\schemas\__init__.py","R:\Thesis Project\KC_L v2 - Cleaner\src\kc_l\retrieval\schemas\__init__.py","0","0","2026-03-04T10:44:49.8244391Z","2026-03-04T10:44:49.8244391Z","E3B0C44298FC1C149AFBF4C8996FB92427AE41E4649B934CA495991B7852B855","E3B0C44298FC1C149AFBF4C8996FB92427AE41E4649B934CA495991B7852B855"
"src/kc_l/retrieval/scoring/__init__.py","same","True","True","R:\Thesis Project\KC_L v2 - Copy\src\kc_l\retrieval\scoring\__init__.py","R:\Thesis Project\KC_L v2 - Cleaner\src\kc_l\retrieval\scoring\__init__.py","0","0","2026-03-04T10:44:49.8204389Z","2026-03-04T10:44:49.8204389Z","E3B0C44298FC1C149AFBF4C8996FB92427AE41E4649B934CA495991B7852B855","E3B0C44298FC1C149AFBF4C8996FB92427AE41E4649B934CA495991B7852B855"
"src/kc_l/retrieval/text/__init__.py","same","True","True","R:\Thesis Project\KC_L v2 - Copy\src\kc_l\retrieval\text\__init__.py","R:\Thesis Project\KC_L v2 - Cleaner\src\kc_l\retrieval\text\__init__.py","0","0","2026-03-04T10:44:49.8268561Z","2026-03-04T10:44:49.8268561Z","E3B0C44298FC1C149AFBF4C8996FB92427AE41E4649B934CA495991B7852B855","E3B0C44298FC1C149AFBF4C8996FB92427AE41E4649B934CA495991B7852B855"
"src/kc_l/retrieval/traces/__init__.py","same","True","True","R:\Thesis Project\KC_L v2 - Copy\src\kc_l\retrieval\traces\__init__.py","R:\Thesis Project\KC_L v2 - Cleaner\src\kc_l\retrieval\traces\__init__.py","0","0","2026-03-04T10:44:49.8289494Z","2026-03-04T10:44:49.8289494Z","E3B0C44298FC1C149AFBF4C8996FB92427AE41E4649B934CA495991B7852B855","E3B0C44298FC1C149AFBF4C8996FB92427AE41E4649B934CA495991B7852B855"
"src/kc_l/runtime/__init__.py","clean_only","False","True","","R:\Thesis Project\KC_L v2 - Cleaner\src\kc_l\runtime\__init__.py","","1627","","2026-04-01T23:36:25.9701366Z","","C5BC31B1585E10F58A83F2D28A1375040450B454CE566E33D98B120DBFC0632B"
"src/kc_l/runtime/layout.py","clean_only","False","True","","R:\Thesis Project\KC_L v2 - Cleaner\src\kc_l\runtime\layout.py","","2843","","2026-04-01T23:36:25.9646137Z","","27B112A3424029B930F34F9D7052B6EC4858CFEE42DDC6AC2061DD5397FD3F49"
"src/kc_l/runtime/library_state.py","clean_only","False","True","","R:\Thesis Project\KC_L v2 - Cleaner\src\kc_l\runtime\library_state.py","","3870","","2026-04-01T23:36:25.9671256Z","","C08A0761DFC1CFC1858BCE822D4F353CEC24C88140F0D27AD60E4E230DB3C759"
"src/kc_l/runtime/main_quest_config.py","clean_only","False","True","","R:\Thesis Project\KC_L v2 - Cleaner\src\kc_l\runtime\main_quest_config.py","","7214","","2026-04-01T23:38:07.9426074Z","","2A1971B9BEB4C798D0A3CB5085F7D602714BF20288EA67BF1180A83AC7E4DCFD"
"src/kc_l/runtime/operator_stages.py","clean_only","False","True","","R:\Thesis Project\KC_L v2 - Cleaner\src\kc_l\runtime\operator_stages.py","","12285","","2026-04-02T00:03:43.2337027Z","","BA1DF15F10574D21F5F8E58AB79847EF41C949F59439CE8B802C048F9E645B0C"
"src/kc_l/runtime/schema_profiles.py","clean_only","False","True","","R:\Thesis Project\KC_L v2 - Cleaner\src\kc_l\runtime\schema_profiles.py","","4218","","2026-04-01T23:36:25.9691371Z","","9EA645E530BB84F559CE9B95B2ED81BF4B51D0811240CE5432C11848F9E32864"
"src/kc_l/topic/__init__.py","same","True","True","R:\Thesis Project\KC_L v2 - Copy\src\kc_l\topic\__init__.py","R:\Thesis Project\KC_L v2 - Cleaner\src\kc_l\topic\__init__.py","102","102","2026-04-01T12:17:32.9757332Z","2026-04-01T12:17:32.9757332Z","7209170183123EE748E0668345861924CA48189A12CE9730B8E07E13A189C104","7209170183123EE748E0668345861924CA48189A12CE9730B8E07E13A189C104"
"src/kc_l/topic/minimal_draft.py","same","True","True","R:\Thesis Project\KC_L v2 - Copy\src\kc_l\topic\minimal_draft.py","R:\Thesis Project\KC_L v2 - Cleaner\src\kc_l\topic\minimal_draft.py","18318","18318","2026-04-01T12:31:01.7122271Z","2026-04-01T12:31:01.7122271Z","5CAA46472B69EC8AE3E734CFD4B206B50E1DBFB22FA005556EBAE6A1AFA310FD","5CAA46472B69EC8AE3E734CFD4B206B50E1DBFB22FA005556EBAE6A1AFA310FD"
"src/kc_l/utils/__init__.py","same","True","True","R:\Thesis Project\KC_L v2 - Copy\src\kc_l\utils\__init__.py","R:\Thesis Project\KC_L v2 - Cleaner\src\kc_l\utils\__init__.py","0","0","2026-02-28T21:12:58.3744713Z","2026-02-28T21:12:58.3744713Z","E3B0C44298FC1C149AFBF4C8996FB92427AE41E4649B934CA495991B7852B855","E3B0C44298FC1C149AFBF4C8996FB92427AE41E4649B934CA495991B7852B855"
"src/kc_l/utils/fs.py","same","True","True","R:\Thesis Project\KC_L v2 - Copy\src\kc_l\utils\fs.py","R:\Thesis Project\KC_L v2 - Cleaner\src\kc_l\utils\fs.py","817","817","2026-03-01T12:14:27.5570312Z","2026-03-01T12:14:27.5570312Z","E93DDDA812E22B3FF742DCC664461B6942EEDFDB6AC7FBDD304327D299EBB6EB","E93DDDA812E22B3FF742DCC664461B6942EEDFDB6AC7FBDD304327D299EBB6EB"
"src/kc_l/utils/hash.py","same","True","True","R:\Thesis Project\KC_L v2 - Copy\src\kc_l\utils\hash.py","R:\Thesis Project\KC_L v2 - Cleaner\src\kc_l\utils\hash.py","631","631","2026-03-01T12:14:35.2786605Z","2026-03-01T12:14:35.2786605Z","547F7690EF8A9A7234C99E4DEEEAE6647F516D27571A9CEBD551330E9F6CFDAC","547F7690EF8A9A7234C99E4DEEEAE6647F516D27571A9CEBD551330E9F6CFDAC"
"src/kc_l/utils/hashing.py","same","True","True","R:\Thesis Project\KC_L v2 - Copy\src\kc_l\utils\hashing.py","R:\Thesis Project\KC_L v2 - Cleaner\src\kc_l\utils\hashing.py","326","326","2026-02-28T21:14:49.7510818Z","2026-02-28T21:14:49.7510818Z","BC335E69E17687947920D3978CCB6374554A226E12ECD753D7109D8CA848C0B6","BC335E69E17687947920D3978CCB6374554A226E12ECD753D7109D8CA848C0B6"
"src/kc_l/utils/json_io.py","same","True","True","R:\Thesis Project\KC_L v2 - Copy\src\kc_l\utils\json_io.py","R:\Thesis Project\KC_L v2 - Cleaner\src\kc_l\utils\json_io.py","1487","1487","2026-03-10T00:52:21.1970173Z","2026-03-10T00:52:21.1970173Z","724A53DC1A454AF6BE209688A97B356D81C41E0580E7DD0EBF1B4AC9624FD61D","724A53DC1A454AF6BE209688A97B356D81C41E0580E7DD0EBF1B4AC9624FD61D"
"src/kc_l/utils/kc_step67_model_drafting.py","same","True","True","R:\Thesis Project\KC_L v2 - Copy\src\kc_l\utils\kc_step67_model_drafting.py","R:\Thesis Project\KC_L v2 - Cleaner\src\kc_l\utils\kc_step67_model_drafting.py","146366","146366","2026-03-30T09:46:13.7569168Z","2026-03-30T09:46:13.7569168Z","63980F56B5A0ECD6498CFE5C46FFA221C280042EC51500F067D4A7F04DF1C012","63980F56B5A0ECD6498CFE5C46FFA221C280042EC51500F067D4A7F04DF1C012"
"src/kc_l/utils/ollama_json.py","same","True","True","R:\Thesis Project\KC_L v2 - Copy\src\kc_l\utils\ollama_json.py","R:\Thesis Project\KC_L v2 - Cleaner\src\kc_l\utils\ollama_json.py","3634","3634","2026-03-28T15:09:50.8718959Z","2026-03-28T15:09:50.8718959Z","82BDB4451D6AEE4507A1B411D729F1821A0E43275BA3729D57275C4553EA398E","82BDB4451D6AEE4507A1B411D729F1821A0E43275BA3729D57275C4553EA398E"
"src/kc_l/utils/subprocess_run.py","same","True","True","R:\Thesis Project\KC_L v2 - Copy\src\kc_l\utils\subprocess_run.py","R:\Thesis Project\KC_L v2 - Cleaner\src\kc_l\utils\subprocess_run.py","1060","1060","2026-03-01T12:14:47.8217648Z","2026-03-01T12:14:47.8217648Z","A45A045F18A79C533EFA719ACD26A8889D53BA05D3E01533299CA5005D0AC602","A45A045F18A79C533EFA719ACD26A8889D53BA05D3E01533299CA5005D0AC602"
"src/kc_l/utils/time.py","same","True","True","R:\Thesis Project\KC_L v2 - Copy\src\kc_l\utils\time.py","R:\Thesis Project\KC_L v2 - Cleaner\src\kc_l\utils\time.py","353","353","2026-03-01T12:14:41.1000408Z","2026-03-01T12:14:41.1000408Z","304980E68D77B02131408B48CF894BF5129865726538736566CA3FF71878D0F3","304980E68D77B02131408B48CF894BF5129865726538736566CA3FF71878D0F3"
"step6_6_full128_model_rewrite_2026-03-27.yaml","old_only","True","False","R:\Thesis Project\KC_L v2 - Copy\step6_6_full128_model_rewrite_2026-03-27.yaml","","3251","","2026-03-27T23:18:10.1534602Z","","6E685B69B371E4EF2B2947A1979C4A0F3F174120596E2BC86B29C0FF3F11A536",""
"step6_6_full128_source_faithfulness_repair_2026-03-28.yaml","old_only","True","False","R:\Thesis Project\KC_L v2 - Copy\step6_6_full128_source_faithfulness_repair_2026-03-28.yaml","","3251","","2026-03-27T23:18:10.1534602Z","","6E685B69B371E4EF2B2947A1979C4A0F3F174120596E2BC86B29C0FF3F11A536",""
"step6_6_full128_step67_hardening_2026-03-28.yaml","old_only","True","False","R:\Thesis Project\KC_L v2 - Copy\step6_6_full128_step67_hardening_2026-03-28.yaml","","3251","","2026-03-28T19:54:12.4070167Z","","6E685B69B371E4EF2B2947A1979C4A0F3F174120596E2BC86B29C0FF3F11A536",""
"step6_7_full128_balance_repair_2026-03-28.yaml","old_only","True","False","R:\Thesis Project\KC_L v2 - Copy\step6_7_full128_balance_repair_2026-03-28.yaml","","753","","2026-03-28T13:54:22.2262008Z","","CCF88D3E953C7F469149728BE8A8B6D55B81299A6E2C2BE7598DBFA20DD72B35",""
"step6_7_full128_balance_repair_retry_2026-03-28.yaml","old_only","True","False","R:\Thesis Project\KC_L v2 - Copy\step6_7_full128_balance_repair_retry_2026-03-28.yaml","","753","","2026-03-28T15:11:00.6987294Z","","CC9C3AB8686715C2FF8073353510A77C3F9EC06C60EB1E82C0C0E064312F86D7",""
"step6_7_full128_definition_admissibility_repair_2026-03-30.yaml","old_only","True","False","R:\Thesis Project\KC_L v2 - Copy\step6_7_full128_definition_admissibility_repair_2026-03-30.yaml","","1035","","2026-03-30T09:49:19.6888872Z","","FFD39980446542AF9974E3F023E46B067780D1FA74911771C3D2C837596B4EE9",""
"step6_7_full128_field_stability_approve_provenance_repair_2026-03-30.yaml","old_only","True","False","R:\Thesis Project\KC_L v2 - Copy\step6_7_full128_field_stability_approve_provenance_repair_2026-03-30.yaml","","1035","","2026-03-29T22:15:03.0660490Z","","88B0ACDABDC3F64C455B25FD8B36480F8EE55D57996D9DBA8D3847774D11F5CF",""
"step6_7_full128_model_rewrite_2026-03-27.yaml","old_only","True","False","R:\Thesis Project\KC_L v2 - Copy\step6_7_full128_model_rewrite_2026-03-27.yaml","","753","","2026-03-28T00:21:19.4478885Z","","97338587169CD7E4DA05D3DC6BFB3925FEED7637A601452957118C1A61129AFB",""
"step6_7_full128_narrow_source_faithfulness_hardening_2026-03-29.yaml","old_only","True","False","R:\Thesis Project\KC_L v2 - Copy\step6_7_full128_narrow_source_faithfulness_hardening_2026-03-29.yaml","","919","","2026-03-29T12:56:58.4425302Z","","F629CE143E07B49BE0C6A5B3CF0DF7218C4B14515FEB5D5732072B6E58A4F84D",""
"step6_7_full128_scope_redesign_2026-03-28.yaml","old_only","True","False","R:\Thesis Project\KC_L v2 - Copy\step6_7_full128_scope_redesign_2026-03-28.yaml","","753","","2026-03-28T12:13:08.8110830Z","","72CB5FDE320BD1993F7C7CC39360B40709FE6D4502238CFBA14518BDE4FAF86E",""
"step6_7_full128_source_faithfulness_repair_2026-03-28.yaml","old_only","True","False","R:\Thesis Project\KC_L v2 - Copy\step6_7_full128_source_faithfulness_repair_2026-03-28.yaml","","889","","2026-03-28T17:32:54.3789408Z","","6B9DEC17518B4F20E8D0BC1DFE3688E57D099ED7917AEEAC3C378762D12648F7",""
"step6_7_full128_step67_hardening_2026-03-28.yaml","old_only","True","False","R:\Thesis Project\KC_L v2 - Copy\step6_7_full128_step67_hardening_2026-03-28.yaml","","919","","2026-03-28T19:54:45.4997661Z","","F629CE143E07B49BE0C6A5B3CF0DF7218C4B14515FEB5D5732072B6E58A4F84D",""
"step6_7_full128_step67_hardening_source_guard_retry_2026-03-28.yaml","old_only","True","False","R:\Thesis Project\KC_L v2 - Copy\step6_7_full128_step67_hardening_source_guard_retry_2026-03-28.yaml","","919","","2026-03-28T23:50:32.4521566Z","","C868F52CF98E14799817B1335E1B0391DD012155BD140D892B4AF8623FE30C70",""
"step6_7_full128_target_discriminative_clause_repair_2026-03-29.yaml","old_only","True","False","R:\Thesis Project\KC_L v2 - Copy\step6_7_full128_target_discriminative_clause_repair_2026-03-29.yaml","","919","","2026-03-29T16:21:59.5212656Z","","F629CE143E07B49BE0C6A5B3CF0DF7218C4B14515FEB5D5732072B6E58A4F84D",""
"step6_8_full128_balance_repair_retry_2026-03-28.yaml","old_only","True","False","R:\Thesis Project\KC_L v2 - Copy\step6_8_full128_balance_repair_retry_2026-03-28.yaml","","263","","2026-03-28T16:20:18.1286430Z","","FD98EDAA93A5E2BFEC8DA273B1923CF3CF5F7DBD5E92201D88DA709084130E84",""
"step6_8_full128_definition_admissibility_repair_2026-03-30.yaml","old_only","True","False","R:\Thesis Project\KC_L v2 - Copy\step6_8_full128_definition_admissibility_repair_2026-03-30.yaml","","263","","2026-03-30T12:35:46.7693669Z","","938D7600CC8499285680F8E8012545DAF49B1BF735088AEBFC7313481C5A892F",""
"step6_8_full128_field_stability_approve_provenance_repair_2026-03-30.yaml","old_only","True","False","R:\Thesis Project\KC_L v2 - Copy\step6_8_full128_field_stability_approve_provenance_repair_2026-03-30.yaml","","263","","2026-03-30T00:43:09.7538517Z","","91351E51BC52000F56DDC8D684379D702956FCBD4B3561311FDEF2C070A69044",""
"step6_8_full128_model_rewrite_2026-03-27.yaml","old_only","True","False","R:\Thesis Project\KC_L v2 - Copy\step6_8_full128_model_rewrite_2026-03-27.yaml","","263","","2026-03-28T01:03:10.7375502Z","","C3FD1F1B188E862EA6C17599A47DAFF06ED14BD5731A6C913919A516754F0095",""
"step6_8_full128_narrow_source_faithfulness_hardening_2026-03-29.yaml","old_only","True","False","R:\Thesis Project\KC_L v2 - Copy\step6_8_full128_narrow_source_faithfulness_hardening_2026-03-29.yaml","","263","","2026-03-29T15:23:36.5708253Z","","C24321760B4AB00B77717E3361952047542E0F0AED16703DB34A08E4F7C7F673",""
"step6_8_full128_scope_redesign_2026-03-28.yaml","old_only","True","False","R:\Thesis Project\KC_L v2 - Copy\step6_8_full128_scope_redesign_2026-03-28.yaml","","263","","2026-03-28T13:13:19.4900172Z","","75CC2F1039047CBC5C84A290815498D28940B84CB5811B8D633AA3AED81D0B68",""
"step6_8_full128_source_faithfulness_repair_2026-03-28.yaml","old_only","True","False","R:\Thesis Project\KC_L v2 - Copy\step6_8_full128_source_faithfulness_repair_2026-03-28.yaml","","263","","2026-03-28T18:56:42.0322699Z","","6A6B54BBDA63C782394D5271277F9914CA4DC452B33730F846DFBF69E807BF25",""
"step6_8_full128_step67_hardening_2026-03-28.yaml","old_only","True","False","R:\Thesis Project\KC_L v2 - Copy\step6_8_full128_step67_hardening_2026-03-28.yaml","","263","","2026-03-28T23:41:40.4794033Z","","BB067C5226E4D84A003F86129DAA6C6C8585A64E361E79B6A6EDECE67F138933",""
"step6_8_full128_step67_hardening_source_guard_retry_2026-03-28.yaml","old_only","True","False","R:\Thesis Project\KC_L v2 - Copy\step6_8_full128_step67_hardening_source_guard_retry_2026-03-28.yaml","","263","","2026-03-29T01:35:41.0914124Z","","62F9DDDCF22A3B2700E5597B3430D987A4481EB89F9D2DDEB2B4330B67F7AF5D",""
"step6_8_full128_target_discriminative_clause_repair_2026-03-29.yaml","old_only","True","False","R:\Thesis Project\KC_L v2 - Copy\step6_8_full128_target_discriminative_clause_repair_2026-03-29.yaml","","263","","2026-03-29T21:46:36.5644422Z","","7AE764A0341DF88FCF15509AAC582D1F1B0015F0A010BF87B27FE08D0AC7E53F",""
"STEP6_SCHEMA_LINEAGE.md","old_only","True","False","R:\Thesis Project\KC_L v2 - Copy\STEP6_SCHEMA_LINEAGE.md","","36337","","2026-03-06T12:12:08.3595027Z","","7B04F32DC1ABEC898AD245D21DB46BF3B162BBF6066D358AFCCC717E8A3BBF32",""
"steps/README.md","clean_only","False","True","","R:\Thesis Project\KC_L v2 - Cleaner\steps\README.md","","422","","2026-04-01T23:39:03.0323741Z","","CA878BDCD1ABB06DA10C1F769753174B8C222D1B1A2A6607114B1EAFED0FC7C3"
"steps/step_01_5_hierarchy_overlay/scripts/run_step01_5_hierarchy_overlay.py","same","True","True","R:\Thesis Project\KC_L v2 - Copy\steps\step_01_5_hierarchy_overlay\scripts\run_step01_5_hierarchy_overlay.py","R:\Thesis Project\KC_L v2 - Cleaner\steps\step_01_5_hierarchy_overlay\scripts\run_step01_5_hierarchy_overlay.py","10107","10107","2026-03-10T00:51:14.4871415Z","2026-03-10T00:51:14.4871415Z","2DC35E3C33FA8F314CF3D606D4C878F58B60891DB1E3D03DF8926226C5443C8A","2DC35E3C33FA8F314CF3D606D4C878F58B60891DB1E3D03DF8926226C5443C8A"
"steps/step_01_6_topic_library_draft/scripts/run_step01_6_topic_library_draft.py","same","True","True","R:\Thesis Project\KC_L v2 - Copy\steps\step_01_6_topic_library_draft\scripts\run_step01_6_topic_library_draft.py","R:\Thesis Project\KC_L v2 - Cleaner\steps\step_01_6_topic_library_draft\scripts\run_step01_6_topic_library_draft.py","13992","13992","2026-04-01T12:30:03.8388080Z","2026-04-01T12:30:03.8388080Z","1D9E7B0309B3F5550B363FF2BD501F30B768191C70904DF85853B73CAF8F1F32","1D9E7B0309B3F5550B363FF2BD501F30B768191C70904DF85853B73CAF8F1F32"
"steps/step_01_6_topic_library_draft/scripts/run_step01_6_topic_library_quality_redraft.py","same","True","True","R:\Thesis Project\KC_L v2 - Copy\steps\step_01_6_topic_library_draft\scripts\run_step01_6_topic_library_quality_redraft.py","R:\Thesis Project\KC_L v2 - Cleaner\steps\step_01_6_topic_library_draft\scripts\run_step01_6_topic_library_quality_redraft.py","48120","48120","2026-04-01T13:23:49.0222054Z","2026-04-01T13:23:49.0222054Z","6A7FC31AD74F69F787C9AAB0DDC4C9C45CC2A579813CC2432DC59F19F5C3335F","6A7FC31AD74F69F787C9AAB0DDC4C9C45CC2A579813CC2432DC59F19F5C3335F"
"steps/step_01_7_knowledge_library_schema_validation/scripts/run_step01_7_knowledge_library_schema_validation.py","same","True","True","R:\Thesis Project\KC_L v2 - Copy\steps\step_01_7_knowledge_library_schema_validation\scripts\run_step01_7_knowledge_library_schema_validation.py","R:\Thesis Project\KC_L v2 - Cleaner\steps\step_01_7_knowledge_library_schema_validation\scripts\run_step01_7_knowledge_library_schema_validation.py","11246","11246","2026-04-01T16:02:48.9870560Z","2026-04-01T16:02:48.9870560Z","12D96D189FA31EDBFD15F1F4F08EEABE4980412A15F05F49ABE5FF06DBE0CA4D","12D96D189FA31EDBFD15F1F4F08EEABE4980412A15F05F49ABE5FF06DBE0CA4D"
"steps/step_01_8_knowledge_library_access_layer/scripts/run_step01_8_knowledge_library_access_layer.py","same","True","True","R:\Thesis Project\KC_L v2 - Copy\steps\step_01_8_knowledge_library_access_layer\scripts\run_step01_8_knowledge_library_access_layer.py","R:\Thesis Project\KC_L v2 - Cleaner\steps\step_01_8_knowledge_library_access_layer\scripts\run_step01_8_knowledge_library_access_layer.py","11724","11724","2026-04-01T16:23:18.8235700Z","2026-04-01T16:23:18.8235700Z","F320D33306DF0A5B68968933A3075E1FF6A21FD3C28B995C29DBACB4938929A5","F320D33306DF0A5B68968933A3075E1FF6A21FD3C28B995C29DBACB4938929A5"
"steps/step_01_9_knowledge_library_grounding_bridge/scripts/run_step01_9_knowledge_library_grounding_bridge.py","same","True","True","R:\Thesis Project\KC_L v2 - Copy\steps\step_01_9_knowledge_library_grounding_bridge\scripts\run_step01_9_knowledge_library_grounding_bridge.py","R:\Thesis Project\KC_L v2 - Cleaner\steps\step_01_9_knowledge_library_grounding_bridge\scripts\run_step01_9_knowledge_library_grounding_bridge.py","16102","16102","2026-04-01T16:41:43.7468854Z","2026-04-01T16:41:43.7468854Z","C7076A4FBCEE54A94CB6FD5AB6F3AB91F42D4B1C1C14101E580B59D222A1ADB4","C7076A4FBCEE54A94CB6FD5AB6F3AB91F42D4B1C1C14101E580B59D222A1ADB4"
"steps/step_01_hierarchy/outputs/.gitkeep","same","True","True","R:\Thesis Project\KC_L v2 - Copy\steps\step_01_hierarchy\outputs\.gitkeep","R:\Thesis Project\KC_L v2 - Cleaner\steps\step_01_hierarchy\outputs\.gitkeep","0","0","2026-02-28T21:12:58.3804646Z","2026-02-28T21:12:58.3804646Z","E3B0C44298FC1C149AFBF4C8996FB92427AE41E4649B934CA495991B7852B855","E3B0C44298FC1C149AFBF4C8996FB92427AE41E4649B934CA495991B7852B855"
"steps/step_01_hierarchy/resources/notes.md","same","True","True","R:\Thesis Project\KC_L v2 - Copy\steps\step_01_hierarchy\resources\notes.md","R:\Thesis Project\KC_L v2 - Cleaner\steps\step_01_hierarchy\resources\notes.md","0","0","2026-02-28T21:12:58.3804646Z","2026-02-28T21:12:58.3804646Z","E3B0C44298FC1C149AFBF4C8996FB92427AE41E4649B934CA495991B7852B855","E3B0C44298FC1C149AFBF4C8996FB92427AE41E4649B934CA495991B7852B855"
"steps/step_01_hierarchy/scripts/01_hierarchy_normalize.py","same","True","True","R:\Thesis Project\KC_L v2 - Copy\steps\step_01_hierarchy\scripts\01_hierarchy_normalize.py","R:\Thesis Project\KC_L v2 - Cleaner\steps\step_01_hierarchy\scripts\01_hierarchy_normalize.py","4718","4718","2026-02-28T21:16:01.1835006Z","2026-02-28T21:16:01.1835006Z","E7F4EF766EE4F910968A5AF9CE5C167A1AA49CDF2D434031C99530D320A797C0","E7F4EF766EE4F910968A5AF9CE5C167A1AA49CDF2D434031C99530D320A797C0"
"steps/step_02_pdf_ingest_blockstore/resources/.gitkeep","same","True","True","R:\Thesis Project\KC_L v2 - Copy\steps\step_02_pdf_ingest_blockstore\resources\.gitkeep","R:\Thesis Project\KC_L v2 - Cleaner\steps\step_02_pdf_ingest_blockstore\resources\.gitkeep","0","0","2026-03-01T12:11:44.3739331Z","2026-03-01T12:11:44.3739331Z","E3B0C44298FC1C149AFBF4C8996FB92427AE41E4649B934CA495991B7852B855","E3B0C44298FC1C149AFBF4C8996FB92427AE41E4649B934CA495991B7852B855"
"steps/step_02_pdf_ingest_blockstore/resources/step2.default.yaml","same","True","True","R:\Thesis Project\KC_L v2 - Copy\steps\step_02_pdf_ingest_blockstore\resources\step2.default.yaml","R:\Thesis Project\KC_L v2 - Cleaner\steps\step_02_pdf_ingest_blockstore\resources\step2.default.yaml","1161","1161","2026-03-01T23:55:23.4292658Z","2026-03-01T23:55:23.4292658Z","96DF277388E822942F86ED91AE233D4E8FF64E19D118293F0197486D037E35E3","96DF277388E822942F86ED91AE233D4E8FF64E19D118293F0197486D037E35E3"
"steps/step_02_pdf_ingest_blockstore/scripts/.gitkeep","same","True","True","R:\Thesis Project\KC_L v2 - Copy\steps\step_02_pdf_ingest_blockstore\scripts\.gitkeep","R:\Thesis Project\KC_L v2 - Cleaner\steps\step_02_pdf_ingest_blockstore\scripts\.gitkeep","0","0","2026-03-01T12:11:44.3720130Z","2026-03-01T12:11:44.3720130Z","E3B0C44298FC1C149AFBF4C8996FB92427AE41E4649B934CA495991B7852B855","E3B0C44298FC1C149AFBF4C8996FB92427AE41E4649B934CA495991B7852B855"
"steps/step_02_pdf_ingest_blockstore/scripts/run_step2_all.ps1","same","True","True","R:\Thesis Project\KC_L v2 - Copy\steps\step_02_pdf_ingest_blockstore\scripts\run_step2_all.ps1","R:\Thesis Project\KC_L v2 - Cleaner\steps\step_02_pdf_ingest_blockstore\scripts\run_step2_all.ps1","1706","1706","2026-03-01T23:55:00.3573988Z","2026-03-01T23:55:00.3573988Z","E5C18049B85D2D3386225187DA3F191C496FA930E7A1B64052D8EAA1CF4A84A1","E5C18049B85D2D3386225187DA3F191C496FA930E7A1B64052D8EAA1CF4A84A1"
"steps/step_02_pdf_ingest_blockstore/scripts/run_step2.ps1","same","True","True","R:\Thesis Project\KC_L v2 - Copy\steps\step_02_pdf_ingest_blockstore\scripts\run_step2.ps1","R:\Thesis Project\KC_L v2 - Cleaner\steps\step_02_pdf_ingest_blockstore\scripts\run_step2.ps1","1932","1932","2026-03-01T23:54:45.4491320Z","2026-03-01T23:54:45.4491320Z","6EA4B069462BB9FC99D71215082C18ED825B89703EBC289650F3C9C3F646F418","6EA4B069462BB9FC99D71215082C18ED825B89703EBC289650F3C9C3F646F418"
"steps/step_02_pdf_ingest_blockstore/scripts/run_step2.py","changed","True","True","R:\Thesis Project\KC_L v2 - Copy\steps\step_02_pdf_ingest_blockstore\scripts\run_step2.py","R:\Thesis Project\KC_L v2 - Cleaner\steps\step_02_pdf_ingest_blockstore\scripts\run_step2.py","2057","6543","2026-03-01T12:14:10.3574288Z","2026-04-03T20:24:05.5298093Z","113C0615724C449D6DBE23FAE14A704A3D433B88B53B6B02959B6F3199EF7287","3377313055A32DD7A6AD706957FE3136464ADAF0948076CB722B14E454412C18"
"steps/step_02_pdf_ingest/outputs/.gitkeep","same","True","True","R:\Thesis Project\KC_L v2 - Copy\steps\step_02_pdf_ingest\outputs\.gitkeep","R:\Thesis Project\KC_L v2 - Cleaner\steps\step_02_pdf_ingest\outputs\.gitkeep","0","0","2026-02-28T22:57:18.1092963Z","2026-02-28T22:57:18.1092963Z","E3B0C44298FC1C149AFBF4C8996FB92427AE41E4649B934CA495991B7852B855","E3B0C44298FC1C149AFBF4C8996FB92427AE41E4649B934CA495991B7852B855"
"steps/step_02_pdf_ingest/resources/config/.gitkeep","same","True","True","R:\Thesis Project\KC_L v2 - Copy\steps\step_02_pdf_ingest\resources\config\.gitkeep","R:\Thesis Project\KC_L v2 - Cleaner\steps\step_02_pdf_ingest\resources\config\.gitkeep","0","0","2026-02-28T22:57:18.1072577Z","2026-02-28T22:57:18.1072577Z","E3B0C44298FC1C149AFBF4C8996FB92427AE41E4649B934CA495991B7852B855","E3B0C44298FC1C149AFBF4C8996FB92427AE41E4649B934CA495991B7852B855"
"steps/step_02_pdf_ingest/scripts/.gitkeep","same","True","True","R:\Thesis Project\KC_L v2 - Copy\steps\step_02_pdf_ingest\scripts\.gitkeep","R:\Thesis Project\KC_L v2 - Cleaner\steps\step_02_pdf_ingest\scripts\.gitkeep","0","0","2026-02-28T22:57:18.1030333Z","2026-02-28T22:57:18.1030333Z","E3B0C44298FC1C149AFBF4C8996FB92427AE41E4649B934CA495991B7852B855","E3B0C44298FC1C149AFBF4C8996FB92427AE41E4649B934CA495991B7852B855"
"steps/step_03_5_blockstore_cleanup/resources/.gitkeep","same","True","True","R:\Thesis Project\KC_L v2 - Copy\steps\step_03_5_blockstore_cleanup\resources\.gitkeep","R:\Thesis Project\KC_L v2 - Cleaner\steps\step_03_5_blockstore_cleanup\resources\.gitkeep","0","0","2026-03-03T15:05:53.2609726Z","2026-03-03T15:05:53.2609726Z","E3B0C44298FC1C149AFBF4C8996FB92427AE41E4649B934CA495991B7852B855","E3B0C44298FC1C149AFBF4C8996FB92427AE41E4649B934CA495991B7852B855"
"steps/step_03_5_blockstore_cleanup/resources/step3_5.default.yaml","same","True","True","R:\Thesis Project\KC_L v2 - Copy\steps\step_03_5_blockstore_cleanup\resources\step3_5.default.yaml","R:\Thesis Project\KC_L v2 - Cleaner\steps\step_03_5_blockstore_cleanup\resources\step3_5.default.yaml","1387","1387","2026-03-03T15:06:34.9990487Z","2026-03-03T15:06:34.9990487Z","C461B1945076D8E9F4297B9647D568C44949DAA5608A9505B205535BD7A3ECB6","C461B1945076D8E9F4297B9647D568C44949DAA5608A9505B205535BD7A3ECB6"
"steps/step_03_5_blockstore_cleanup/scripts/.gitkeep","same","True","True","R:\Thesis Project\KC_L v2 - Copy\steps\step_03_5_blockstore_cleanup\scripts\.gitkeep","R:\Thesis Project\KC_L v2 - Cleaner\steps\step_03_5_blockstore_cleanup\scripts\.gitkeep","0","0","2026-03-03T15:05:53.2579775Z","2026-03-03T15:05:53.2579775Z","E3B0C44298FC1C149AFBF4C8996FB92427AE41E4649B934CA495991B7852B855","E3B0C44298FC1C149AFBF4C8996FB92427AE41E4649B934CA495991B7852B855"
"steps/step_03_5_blockstore_cleanup/scripts/run_step3_5.py","same","True","True","R:\Thesis Project\KC_L v2 - Copy\steps\step_03_5_blockstore_cleanup\scripts\run_step3_5.py","R:\Thesis Project\KC_L v2 - Cleaner\steps\step_03_5_blockstore_cleanup\scripts\run_step3_5.py","4045","4045","2026-03-03T15:08:06.2069461Z","2026-03-03T15:08:06.2069461Z","E0BEBC8FA027574E0DA556E842CF58AE7AF91AC195BDBA81EF617B2F0660405E","E0BEBC8FA027574E0DA556E842CF58AE7AF91AC195BDBA81EF617B2F0660405E"
"steps/step_03_6_math_salvage/outputs/.gitkeep","same","True","True","R:\Thesis Project\KC_L v2 - Copy\steps\step_03_6_math_salvage\outputs\.gitkeep","R:\Thesis Project\KC_L v2 - Cleaner\steps\step_03_6_math_salvage\outputs\.gitkeep","0","0","2026-03-03T15:30:26.2401135Z","2026-03-03T15:30:26.2401135Z","E3B0C44298FC1C149AFBF4C8996FB92427AE41E4649B934CA495991B7852B855","E3B0C44298FC1C149AFBF4C8996FB92427AE41E4649B934CA495991B7852B855"
"steps/step_03_6_math_salvage/resources/.gitkeep","same","True","True","R:\Thesis Project\KC_L v2 - Copy\steps\step_03_6_math_salvage\resources\.gitkeep","R:\Thesis Project\KC_L v2 - Cleaner\steps\step_03_6_math_salvage\resources\.gitkeep","0","0","2026-03-03T15:30:26.2225919Z","2026-03-03T15:30:26.2225919Z","E3B0C44298FC1C149AFBF4C8996FB92427AE41E4649B934CA495991B7852B855","E3B0C44298FC1C149AFBF4C8996FB92427AE41E4649B934CA495991B7852B855"
"steps/step_03_6_math_salvage/resources/step3_6.default.yaml","same","True","True","R:\Thesis Project\KC_L v2 - Copy\steps\step_03_6_math_salvage\resources\step3_6.default.yaml","R:\Thesis Project\KC_L v2 - Cleaner\steps\step_03_6_math_salvage\resources\step3_6.default.yaml","1510","1510","2026-03-03T22:38:03.7561703Z","2026-03-03T22:38:03.7561703Z","F829A59F81B642464D7DD9D0C0981D9449FAD54243892FDB52967E51BAB55233","F829A59F81B642464D7DD9D0C0981D9449FAD54243892FDB52967E51BAB55233"
"steps/step_03_6_math_salvage/scripts/.gitkeep","same","True","True","R:\Thesis Project\KC_L v2 - Copy\steps\step_03_6_math_salvage\scripts\.gitkeep","R:\Thesis Project\KC_L v2 - Cleaner\steps\step_03_6_math_salvage\scripts\.gitkeep","0","0","2026-03-03T15:30:26.2205863Z","2026-03-03T15:30:26.2205863Z","E3B0C44298FC1C149AFBF4C8996FB92427AE41E4649B934CA495991B7852B855","E3B0C44298FC1C149AFBF4C8996FB92427AE41E4649B934CA495991B7852B855"
"steps/step_03_6_math_salvage/scripts/run_step3_6.py","same","True","True","R:\Thesis Project\KC_L v2 - Copy\steps\step_03_6_math_salvage\scripts\run_step3_6.py","R:\Thesis Project\KC_L v2 - Cleaner\steps\step_03_6_math_salvage\scripts\run_step3_6.py","4842","4842","2026-03-03T22:05:20.4555458Z","2026-03-03T22:05:20.4555458Z","7D8607068273D1C0E6874E1E81D2948BC4DA346DD9A95DA6877C441816198BE1","7D8607068273D1C0E6874E1E81D2948BC4DA346DD9A95DA6877C441816198BE1"
"steps/step_03_doctree_index/resources/step3.default.yaml","same","True","True","R:\Thesis Project\KC_L v2 - Copy\steps\step_03_doctree_index\resources\step3.default.yaml","R:\Thesis Project\KC_L v2 - Cleaner\steps\step_03_doctree_index\resources\step3.default.yaml","809","809","2026-03-03T10:37:01.4091622Z","2026-03-03T10:37:01.4091622Z","2BFD6280681F91134F1C742C4281ACA63B5F56C8FDE8E9660B8AFFD9B54FE7AE","2BFD6280681F91134F1C742C4281ACA63B5F56C8FDE8E9660B8AFFD9B54FE7AE"
"steps/step_03_doctree_index/scripts/run_step3.py","same","True","True","R:\Thesis Project\KC_L v2 - Copy\steps\step_03_doctree_index\scripts\run_step3.py","R:\Thesis Project\KC_L v2 - Cleaner\steps\step_03_doctree_index\scripts\run_step3.py","8073","8073","2026-03-03T11:05:46.0831389Z","2026-03-03T11:05:46.0831389Z","5A0C54F3DE2EA315D4C8198B06BCC5581B2C4568DDE68FD75E6E54E87761A15D","5A0C54F3DE2EA315D4C8198B06BCC5581B2C4568DDE68FD75E6E54E87761A15D"
"steps/step_04_2_patches/scripts/freeze_step4_patches_set.py","same","True","True","R:\Thesis Project\KC_L v2 - Copy\steps\step_04_2_patches\scripts\freeze_step4_patches_set.py","R:\Thesis Project\KC_L v2 - Cleaner\steps\step_04_2_patches\scripts\freeze_step4_patches_set.py","8011","8011","2026-03-05T19:29:23.5054775Z","2026-03-05T19:29:23.5054775Z","A0FB6D74B1E00F1E988F53C0818DE7C9E5E08B090BB1F20308ED75B0C7F21007","A0FB6D74B1E00F1E988F53C0818DE7C9E5E08B090BB1F20308ED75B0C7F21007"
"steps/step_04_5_sentence_overlay/resources/step4_5.default.yaml","same","True","True","R:\Thesis Project\KC_L v2 - Copy\steps\step_04_5_sentence_overlay\resources\step4_5.default.yaml","R:\Thesis Project\KC_L v2 - Cleaner\steps\step_04_5_sentence_overlay\resources\step4_5.default.yaml","2140","2140","2026-03-07T23:04:08.9011766Z","2026-03-07T23:04:08.9011766Z","0228029085F72E1344BFE9813B4536C54AA4C289BFCC6F5D2499522ED6D7F06D","0228029085F72E1344BFE9813B4536C54AA4C289BFCC6F5D2499522ED6D7F06D"
"steps/step_04_5_sentence_overlay/scripts/run_step4_5.py","same","True","True","R:\Thesis Project\KC_L v2 - Copy\steps\step_04_5_sentence_overlay\scripts\run_step4_5.py","R:\Thesis Project\KC_L v2 - Cleaner\steps\step_04_5_sentence_overlay\scripts\run_step4_5.py","36816","36816","2026-03-07T23:09:10.7133726Z","2026-03-07T23:09:10.7133726Z","660C964690ED723D51C512A4A0F19AA4BE592006497BD1D5B5AA5850C2266FE6","660C964690ED723D51C512A4A0F19AA4BE592006497BD1D5B5AA5850C2266FE6"
"steps/step_04_structure_retrieval_index/resources/.gitkeep","same","True","True","R:\Thesis Project\KC_L v2 - Copy\steps\step_04_structure_retrieval_index\resources\.gitkeep","R:\Thesis Project\KC_L v2 - Cleaner\steps\step_04_structure_retrieval_index\resources\.gitkeep","0","0","2026-03-04T10:44:49.7705637Z","2026-03-04T10:44:49.7705637Z","E3B0C44298FC1C149AFBF4C8996FB92427AE41E4649B934CA495991B7852B855","E3B0C44298FC1C149AFBF4C8996FB92427AE41E4649B934CA495991B7852B855"
"steps/step_04_structure_retrieval_index/resources/step4.default.yaml","same","True","True","R:\Thesis Project\KC_L v2 - Copy\steps\step_04_structure_retrieval_index\resources\step4.default.yaml","R:\Thesis Project\KC_L v2 - Cleaner\steps\step_04_structure_retrieval_index\resources\step4.default.yaml","972","972","2026-03-04T11:07:10.0996369Z","2026-03-04T11:07:10.0996369Z","6D475AE1387AD50D204E8A87666266873072B2A8BF062E1ED6CDB00E0AEE281A","6D475AE1387AD50D204E8A87666266873072B2A8BF062E1ED6CDB00E0AEE281A"
"steps/step_04_structure_retrieval_index/resources/step4.index.yaml","same","True","True","R:\Thesis Project\KC_L v2 - Copy\steps\step_04_structure_retrieval_index\resources\step4.index.yaml","R:\Thesis Project\KC_L v2 - Cleaner\steps\step_04_structure_retrieval_index\resources\step4.index.yaml","1495","1495","2026-03-05T23:02:22.0762916Z","2026-03-05T23:02:22.0762916Z","CC7A678861245CC6A24311995FE32CD97AF822A15C6AB915D460224185E8373D","CC7A678861245CC6A24311995FE32CD97AF822A15C6AB915D460224185E8373D"
"steps/step_04_structure_retrieval_index/resources/step4.patches.yaml","same","True","True","R:\Thesis Project\KC_L v2 - Copy\steps\step_04_structure_retrieval_index\resources\step4.patches.yaml","R:\Thesis Project\KC_L v2 - Cleaner\steps\step_04_structure_retrieval_index\resources\step4.patches.yaml","1165","1165","2026-03-04T13:44:10.1346465Z","2026-03-04T13:44:10.1346465Z","58B1C301E3F05A33544BD1913167E639268C325F618CF19B198D5C9ABBD45C64","58B1C301E3F05A33544BD1913167E639268C325F618CF19B198D5C9ABBD45C64"
"steps/step_04_structure_retrieval_index/scripts/.gitkeep","same","True","True","R:\Thesis Project\KC_L v2 - Copy\steps\step_04_structure_retrieval_index\scripts\.gitkeep","R:\Thesis Project\KC_L v2 - Cleaner\steps\step_04_structure_retrieval_index\scripts\.gitkeep","0","0","2026-03-04T10:44:49.7780597Z","2026-03-04T10:44:49.7780597Z","E3B0C44298FC1C149AFBF4C8996FB92427AE41E4649B934CA495991B7852B855","E3B0C44298FC1C149AFBF4C8996FB92427AE41E4649B934CA495991B7852B855"
"steps/step_04_structure_retrieval_index/scripts/check_step4_patches.py","same","True","True","R:\Thesis Project\KC_L v2 - Copy\steps\step_04_structure_retrieval_index\scripts\check_step4_patches.py","R:\Thesis Project\KC_L v2 - Cleaner\steps\step_04_structure_retrieval_index\scripts\check_step4_patches.py","3158","3158","2026-03-04T12:24:51.4256507Z","2026-03-04T12:24:51.4256507Z","5D350B41E416312DEC610E40037ED1DD380D1F78A303492E432F29A80684B5F2","5D350B41E416312DEC610E40037ED1DD380D1F78A303492E432F29A80684B5F2"
"steps/step_04_structure_retrieval_index/scripts/freeze_step4_index_set.py","same","True","True","R:\Thesis Project\KC_L v2 - Copy\steps\step_04_structure_retrieval_index\scripts\freeze_step4_index_set.py","R:\Thesis Project\KC_L v2 - Cleaner\steps\step_04_structure_retrieval_index\scripts\freeze_step4_index_set.py","20644","20644","2026-03-06T01:15:23.4560761Z","2026-03-06T01:15:23.4560761Z","12C01255156BCEB7603FF2C6C26888ACBF98240FC5E7147209E9339A3BE95DCF","12C01255156BCEB7603FF2C6C26888ACBF98240FC5E7147209E9339A3BE95DCF"
"steps/step_04_structure_retrieval_index/scripts/freeze_step4_patches_set.py","same","True","True","R:\Thesis Project\KC_L v2 - Copy\steps\step_04_structure_retrieval_index\scripts\freeze_step4_patches_set.py","R:\Thesis Project\KC_L v2 - Cleaner\steps\step_04_structure_retrieval_index\scripts\freeze_step4_patches_set.py","2064","2064","2026-03-05T19:25:27.3968137Z","2026-03-05T19:25:27.3968137Z","5481B8F481D989386BD885AF5A74B7DB10D77435CD7E9D45A708F21A55C2075F","5481B8F481D989386BD885AF5A74B7DB10D77435CD7E9D45A708F21A55C2075F"
"steps/step_04_structure_retrieval_index/scripts/run_step4_3.py","same","True","True","R:\Thesis Project\KC_L v2 - Copy\steps\step_04_structure_retrieval_index\scripts\run_step4_3.py","R:\Thesis Project\KC_L v2 - Cleaner\steps\step_04_structure_retrieval_index\scripts\run_step4_3.py","63393","63393","2026-03-06T00:18:27.6855970Z","2026-03-06T00:18:27.6855970Z","16E9E71D8C49D36121B78B92B357CF4843E92D6943283144F94A24A133874FF1","16E9E71D8C49D36121B78B92B357CF4843E92D6943283144F94A24A133874FF1"
"steps/step_04_structure_retrieval_index/scripts/run_step4.py","same","True","True","R:\Thesis Project\KC_L v2 - Copy\steps\step_04_structure_retrieval_index\scripts\run_step4.py","R:\Thesis Project\KC_L v2 - Cleaner\steps\step_04_structure_retrieval_index\scripts\run_step4.py","15180","15180","2026-03-04T12:04:00.3539562Z","2026-03-04T12:04:00.3539562Z","96FE95FF7EE1816C613933ED893D60578F226429ABAF3DCCAA07EFF5E6C41926","96FE95FF7EE1816C613933ED893D60578F226429ABAF3DCCAA07EFF5E6C41926"
"steps/step_04_structure_retrieval_index/scripts/validate_step4_index_set.py","same","True","True","R:\Thesis Project\KC_L v2 - Copy\steps\step_04_structure_retrieval_index\scripts\validate_step4_index_set.py","R:\Thesis Project\KC_L v2 - Cleaner\steps\step_04_structure_retrieval_index\scripts\validate_step4_index_set.py","10297","10297","2026-03-06T01:15:03.3691995Z","2026-03-06T01:15:03.3691995Z","914A6056DE2A5F548ACE78F18EB0233EDA50AB428326BC28369A7FD58861EA5A","914A6056DE2A5F548ACE78F18EB0233EDA50AB428326BC28369A7FD58861EA5A"
"steps/step_04_structure_retrieval_index/scripts/validate_step4_patches_set.py","same","True","True","R:\Thesis Project\KC_L v2 - Copy\steps\step_04_structure_retrieval_index\scripts\validate_step4_patches_set.py","R:\Thesis Project\KC_L v2 - Cleaner\steps\step_04_structure_retrieval_index\scripts\validate_step4_patches_set.py","3875","3875","2026-03-05T09:34:59.2285208Z","2026-03-05T09:34:59.2285208Z","449BA43C840176F49274DA787718CE810D94DCA5C2247020691F71F34EEAAEB3","449BA43C840176F49274DA787718CE810D94DCA5C2247020691F71F34EEAAEB3"
"steps/step_05_2_evidence_sharpen/resources/step5_2.default.yaml","same","True","True","R:\Thesis Project\KC_L v2 - Copy\steps\step_05_2_evidence_sharpen\resources\step5_2.default.yaml","R:\Thesis Project\KC_L v2 - Cleaner\steps\step_05_2_evidence_sharpen\resources\step5_2.default.yaml","1922","1922","2026-03-06T17:33:40.8635855Z","2026-03-06T17:33:40.8635855Z","33A51A8BC9AB2C5E88EA8968FC3823B66B870706DA5C75CE6772E5DC30521A47","33A51A8BC9AB2C5E88EA8968FC3823B66B870706DA5C75CE6772E5DC30521A47"
"steps/step_05_2_evidence_sharpen/scripts/run_step5_2.py","same","True","True","R:\Thesis Project\KC_L v2 - Copy\steps\step_05_2_evidence_sharpen\scripts\run_step5_2.py","R:\Thesis Project\KC_L v2 - Cleaner\steps\step_05_2_evidence_sharpen\scripts\run_step5_2.py","51985","51985","2026-03-06T17:38:08.0179619Z","2026-03-06T17:38:08.0179619Z","F15E492B2F5397066E8E940E5B380655B222433CE1B9F3D3C3654C57C6B28F56","F15E492B2F5397066E8E940E5B380655B222433CE1B9F3D3C3654C57C6B28F56"
"steps/step_05_3_evidence_recalibrated/resources/step5_3.default.yaml","same","True","True","R:\Thesis Project\KC_L v2 - Copy\steps\step_05_3_evidence_recalibrated\resources\step5_3.default.yaml","R:\Thesis Project\KC_L v2 - Cleaner\steps\step_05_3_evidence_recalibrated\resources\step5_3.default.yaml","2817","2817","2026-03-08T00:44:50.9918191Z","2026-03-08T00:44:50.9918191Z","E3C85A912F17DF4ABEF241BBC289C869903199F7C5701D4E18BF21594BA9582A","E3C85A912F17DF4ABEF241BBC289C869903199F7C5701D4E18BF21594BA9582A"
"steps/step_05_3_evidence_recalibrated/scripts/run_step5_3.py","same","True","True","R:\Thesis Project\KC_L v2 - Copy\steps\step_05_3_evidence_recalibrated\scripts\run_step5_3.py","R:\Thesis Project\KC_L v2 - Cleaner\steps\step_05_3_evidence_recalibrated\scripts\run_step5_3.py","64616","64616","2026-03-08T00:45:21.7040218Z","2026-03-08T00:45:21.7040218Z","2F06EA25C5D98F04E4841442D120BC6E0CE67D57E8453242E2B683E32C6D1B0F","2F06EA25C5D98F04E4841442D120BC6E0CE67D57E8453242E2B683E32C6D1B0F"
"steps/step_05_kc_evidence_mining/resources/step5.default.yaml","same","True","True","R:\Thesis Project\KC_L v2 - Copy\steps\step_05_kc_evidence_mining\resources\step5.default.yaml","R:\Thesis Project\KC_L v2 - Cleaner\steps\step_05_kc_evidence_mining\resources\step5.default.yaml","808","808","2026-03-06T01:46:01.9835008Z","2026-03-06T01:46:01.9835008Z","A33E77C570A73AF38FD88C168EA0BEB3BCDE2F80B124A5C8FC01A07AC1522B8E","A33E77C570A73AF38FD88C168EA0BEB3BCDE2F80B124A5C8FC01A07AC1522B8E"
"steps/step_05_kc_evidence_mining/scripts/run_step5.py","same","True","True","R:\Thesis Project\KC_L v2 - Copy\steps\step_05_kc_evidence_mining\scripts\run_step5.py","R:\Thesis Project\KC_L v2 - Cleaner\steps\step_05_kc_evidence_mining\scripts\run_step5.py","47945","47945","2026-03-06T01:51:16.6550024Z","2026-03-06T01:51:16.6550024Z","644ADE19824D0CD43E9D00E095D59D0890C32D9B627F49561837165105CCBB98","644ADE19824D0CD43E9D00E095D59D0890C32D9B627F49561837165105CCBB98"
"steps/step_06_10_kc_review_audit_resolution/resources/step6_10.slice24.yaml","same","True","True","R:\Thesis Project\KC_L v2 - Copy\steps\step_06_10_kc_review_audit_resolution\resources\step6_10.slice24.yaml","R:\Thesis Project\KC_L v2 - Cleaner\steps\step_06_10_kc_review_audit_resolution\resources\step6_10.slice24.yaml","319","319","2026-03-23T14:38:46.6470835Z","2026-03-23T14:38:46.6470835Z","87B0A8E5A2A8B8BD3E363B116AFB436A13BB80D26EDE395FFF5D8C0891F06C0F","87B0A8E5A2A8B8BD3E363B116AFB436A13BB80D26EDE395FFF5D8C0891F06C0F"
"steps/step_06_10_kc_review_audit_resolution/resources/step6_10.slice48_replay_2026-03-26_114721.yaml","same","True","True","R:\Thesis Project\KC_L v2 - Copy\steps\step_06_10_kc_review_audit_resolution\resources\step6_10.slice48_replay_2026-03-26_114721.yaml","R:\Thesis Project\KC_L v2 - Cleaner\steps\step_06_10_kc_review_audit_resolution\resources\step6_10.slice48_replay_2026-03-26_114721.yaml","314","314","2026-03-26T15:38:29.6677653Z","2026-03-26T15:38:29.6677653Z","B7159BEC1268371D6CF52F8760318C7E0B0F9768702DE3B86D863308E334BFF0","B7159BEC1268371D6CF52F8760318C7E0B0F9768702DE3B86D863308E334BFF0"
"steps/step_06_10_kc_review_audit_resolution/resources/step6_10.slice48.yaml","same","True","True","R:\Thesis Project\KC_L v2 - Copy\steps\step_06_10_kc_review_audit_resolution\resources\step6_10.slice48.yaml","R:\Thesis Project\KC_L v2 - Cleaner\steps\step_06_10_kc_review_audit_resolution\resources\step6_10.slice48.yaml","319","319","2026-03-24T16:46:00.3918485Z","2026-03-24T16:46:00.3918485Z","D2AA936AA134F74D1D8DD7DA9FE1EF700E32D1BF8FF530D309C4A214295E8D00","D2AA936AA134F74D1D8DD7DA9FE1EF700E32D1BF8FF530D309C4A214295E8D00"
"steps/step_06_10_kc_review_audit_resolution/resources/step6_10.slice8.yaml","same","True","True","R:\Thesis Project\KC_L v2 - Copy\steps\step_06_10_kc_review_audit_resolution\resources\step6_10.slice8.yaml","R:\Thesis Project\KC_L v2 - Cleaner\steps\step_06_10_kc_review_audit_resolution\resources\step6_10.slice8.yaml","319","319","2026-03-23T13:05:15.4946712Z","2026-03-23T13:05:15.4946712Z","0D0A3EA108EF778EC08966AA1D4FA903A637E5DF3D7C2DA241728F34518A9A58","0D0A3EA108EF778EC08966AA1D4FA903A637E5DF3D7C2DA241728F34518A9A58"
"steps/step_06_10_kc_review_audit_resolution/scripts/run_step6_10_kc_review_audit_resolution.py","same","True","True","R:\Thesis Project\KC_L v2 - Copy\steps\step_06_10_kc_review_audit_resolution\scripts\run_step6_10_kc_review_audit_resolution.py","R:\Thesis Project\KC_L v2 - Cleaner\steps\step_06_10_kc_review_audit_resolution\scripts\run_step6_10_kc_review_audit_resolution.py","9381","9381","2026-03-23T14:38:46.6470835Z","2026-03-23T14:38:46.6470835Z","E47D3523907059282ADD572F4039518B0E9374185A8949856B05D7FD88410D61","E47D3523907059282ADD572F4039518B0E9374185A8949856B05D7FD88410D61"
"steps/step_06_11_reviewed_library_assembly/resources/step6_11.slice24.yaml","same","True","True","R:\Thesis Project\KC_L v2 - Copy\steps\step_06_11_reviewed_library_assembly\resources\step6_11.slice24.yaml","R:\Thesis Project\KC_L v2 - Cleaner\steps\step_06_11_reviewed_library_assembly\resources\step6_11.slice24.yaml","466","466","2026-03-23T14:53:28.4123808Z","2026-03-23T14:53:28.4123808Z","CAEA7749C98D686C466F519A795AE087FCF1E324C0C0C518873E3717DDCB4CAE","CAEA7749C98D686C466F519A795AE087FCF1E324C0C0C518873E3717DDCB4CAE"
"steps/step_06_11_reviewed_library_assembly/resources/step6_11.slice48_replay_2026-03-26_114721.yaml","same","True","True","R:\Thesis Project\KC_L v2 - Copy\steps\step_06_11_reviewed_library_assembly\resources\step6_11.slice48_replay_2026-03-26_114721.yaml","R:\Thesis Project\KC_L v2 - Cleaner\steps\step_06_11_reviewed_library_assembly\resources\step6_11.slice48_replay_2026-03-26_114721.yaml","459","459","2026-03-26T15:40:14.2016833Z","2026-03-26T15:40:14.2016833Z","88BA1274C5BF660814C8F226768BE5A723C991969EAB0D8518319F9258C73A73","88BA1274C5BF660814C8F226768BE5A723C991969EAB0D8518319F9258C73A73"
"steps/step_06_11_reviewed_library_assembly/resources/step6_11.slice48.yaml","same","True","True","R:\Thesis Project\KC_L v2 - Copy\steps\step_06_11_reviewed_library_assembly\resources\step6_11.slice48.yaml","R:\Thesis Project\KC_L v2 - Cleaner\steps\step_06_11_reviewed_library_assembly\resources\step6_11.slice48.yaml","466","466","2026-03-24T16:46:45.5795469Z","2026-03-24T16:46:45.5795469Z","893DF6BE83529F60932C9B7097FEB7F90B0D3945273A62129A5BADA11023C486","893DF6BE83529F60932C9B7097FEB7F90B0D3945273A62129A5BADA11023C486"
"steps/step_06_11_reviewed_library_assembly/resources/step6_11.slice8.yaml","same","True","True","R:\Thesis Project\KC_L v2 - Copy\steps\step_06_11_reviewed_library_assembly\resources\step6_11.slice8.yaml","R:\Thesis Project\KC_L v2 - Cleaner\steps\step_06_11_reviewed_library_assembly\resources\step6_11.slice8.yaml","459","459","2026-03-23T13:23:19.8988411Z","2026-03-23T13:23:19.8988411Z","B084B59266575BCA3C1E76FB9E9854D1085B6A5D4BDC2266DCE6FF38E550D26B","B084B59266575BCA3C1E76FB9E9854D1085B6A5D4BDC2266DCE6FF38E550D26B"
"steps/step_06_11_reviewed_library_assembly/scripts/run_step6_11_reviewed_library_assembly.py","same","True","True","R:\Thesis Project\KC_L v2 - Copy\steps\step_06_11_reviewed_library_assembly\scripts\run_step6_11_reviewed_library_assembly.py","R:\Thesis Project\KC_L v2 - Cleaner\steps\step_06_11_reviewed_library_assembly\scripts\run_step6_11_reviewed_library_assembly.py","16270","16270","2026-03-23T14:53:07.9311832Z","2026-03-23T14:53:07.9311832Z","A57A5311DCF691087957403BADD1428E5CD0618CBA8470820A9178181A735777","A57A5311DCF691087957403BADD1428E5CD0618CBA8470820A9178181A735777"
"steps/step_06_12_reviewed_library_runtime_packaging/resources/step6_12.slice24.yaml","same","True","True","R:\Thesis Project\KC_L v2 - Copy\steps\step_06_12_reviewed_library_runtime_packaging\resources\step6_12.slice24.yaml","R:\Thesis Project\KC_L v2 - Cleaner\steps\step_06_12_reviewed_library_runtime_packaging\resources\step6_12.slice24.yaml","313","313","2026-03-23T15:00:04.2671578Z","2026-03-23T15:00:04.2671578Z","6428C5CA750C93F38A07BB97FE111D86E4D2FEB9DEF8E12F2C377960E623BDB3","6428C5CA750C93F38A07BB97FE111D86E4D2FEB9DEF8E12F2C377960E623BDB3"
"steps/step_06_12_reviewed_library_runtime_packaging/resources/step6_12.slice48_replay_2026-03-26_114721.yaml","same","True","True","R:\Thesis Project\KC_L v2 - Copy\steps\step_06_12_reviewed_library_runtime_packaging\resources\step6_12.slice48_replay_2026-03-26_114721.yaml","R:\Thesis Project\KC_L v2 - Cleaner\steps\step_06_12_reviewed_library_runtime_packaging\resources\step6_12.slice48_replay_2026-03-26_114721.yaml","308","308","2026-03-26T15:40:39.9570099Z","2026-03-26T15:40:39.9570099Z","ECEE9F53AD20C04C3A0FADC4BE7B8CD114E159C6698114F1D6C758B4266C13AB","ECEE9F53AD20C04C3A0FADC4BE7B8CD114E159C6698114F1D6C758B4266C13AB"
"steps/step_06_12_reviewed_library_runtime_packaging/resources/step6_12.slice48.yaml","same","True","True","R:\Thesis Project\KC_L v2 - Copy\steps\step_06_12_reviewed_library_runtime_packaging\resources\step6_12.slice48.yaml","R:\Thesis Project\KC_L v2 - Cleaner\steps\step_06_12_reviewed_library_runtime_packaging\resources\step6_12.slice48.yaml","313","313","2026-03-24T16:47:21.0139661Z","2026-03-24T16:47:21.0139661Z","752410E0DB06799B36C6F26EAAA3199094D7A4E0758BEC12BEDCF7C933DF38D8","752410E0DB06799B36C6F26EAAA3199094D7A4E0758BEC12BEDCF7C933DF38D8"
"steps/step_06_12_reviewed_library_runtime_packaging/resources/step6_12.slice8.yaml","same","True","True","R:\Thesis Project\KC_L v2 - Copy\steps\step_06_12_reviewed_library_runtime_packaging\resources\step6_12.slice8.yaml","R:\Thesis Project\KC_L v2 - Cleaner\steps\step_06_12_reviewed_library_runtime_packaging\resources\step6_12.slice8.yaml","308","308","2026-03-23T13:41:34.9047083Z","2026-03-23T13:41:34.9047083Z","BF70AB8212B33CCBF59DF9652F80224F0BC3A976D18C83B681D3279C26CCA280","BF70AB8212B33CCBF59DF9652F80224F0BC3A976D18C83B681D3279C26CCA280"
"steps/step_06_12_reviewed_library_runtime_packaging/scripts/run_step6_12_reviewed_library_runtime_packaging.py","same","True","True","R:\Thesis Project\KC_L v2 - Copy\steps\step_06_12_reviewed_library_runtime_packaging\scripts\run_step6_12_reviewed_library_runtime_packaging.py","R:\Thesis Project\KC_L v2 - Cleaner\steps\step_06_12_reviewed_library_runtime_packaging\scripts\run_step6_12_reviewed_library_runtime_packaging.py","8438","8438","2026-03-23T14:59:57.0346346Z","2026-03-23T14:59:57.0346346Z","2599896EF0FD39482E1DF33F5103C67A26A69C087CDEBBE0464B2DD4CD493FB6","2599896EF0FD39482E1DF33F5103C67A26A69C087CDEBBE0464B2DD4CD493FB6"
"steps/step_06_13_reviewed_library_retrieval_pilot/resources/step6_13.slice48_alias_improvement_2026-03-26_154319.yaml","same","True","True","R:\Thesis Project\KC_L v2 - Copy\steps\step_06_13_reviewed_library_retrieval_pilot\resources\step6_13.slice48_alias_improvement_2026-03-26_154319.yaml","R:\Thesis Project\KC_L v2 - Cleaner\steps\step_06_13_reviewed_library_retrieval_pilot\resources\step6_13.slice48_alias_improvement_2026-03-26_154319.yaml","498","498","2026-03-26T17:48:27.0668616Z","2026-03-26T17:48:27.0668616Z","97D0E04D3946307CCB924FF4D21CDFCB76A83782EAA156F39191F2D1A9A68B77","97D0E04D3946307CCB924FF4D21CDFCB76A83782EAA156F39191F2D1A9A68B77"
"steps/step_06_13_reviewed_library_retrieval_pilot/resources/step6_13.slice48_replay_2026-03-26_114721.yaml","same","True","True","R:\Thesis Project\KC_L v2 - Copy\steps\step_06_13_reviewed_library_retrieval_pilot\resources\step6_13.slice48_replay_2026-03-26_114721.yaml","R:\Thesis Project\KC_L v2 - Cleaner\steps\step_06_13_reviewed_library_retrieval_pilot\resources\step6_13.slice48_replay_2026-03-26_114721.yaml","482","482","2026-03-26T15:43:08.2059331Z","2026-03-26T15:43:08.2059331Z","B623989ECE1F65B9DD20A102D5CD941F5E6289C5CCE4A67BA51177264EFB8270","B623989ECE1F65B9DD20A102D5CD941F5E6289C5CCE4A67BA51177264EFB8270"
"steps/step_06_13_reviewed_library_retrieval_pilot/resources/step6_13.slice48.yaml","same","True","True","R:\Thesis Project\KC_L v2 - Copy\steps\step_06_13_reviewed_library_retrieval_pilot\resources\step6_13.slice48.yaml","R:\Thesis Project\KC_L v2 - Cleaner\steps\step_06_13_reviewed_library_retrieval_pilot\resources\step6_13.slice48.yaml","482","482","2026-03-24T18:33:59.1006994Z","2026-03-24T18:33:59.1006994Z","2925F71BFBDFA0E7FCE574FC95AE2E50553722A529308152F4738088C7E42421","2925F71BFBDFA0E7FCE574FC95AE2E50553722A529308152F4738088C7E42421"
"steps/step_06_13_reviewed_library_retrieval_pilot/scripts/run_step6_13_reviewed_library_retrieval_pilot.py","same","True","True","R:\Thesis Project\KC_L v2 - Copy\steps\step_06_13_reviewed_library_retrieval_pilot\scripts\run_step6_13_reviewed_library_retrieval_pilot.py","R:\Thesis Project\KC_L v2 - Cleaner\steps\step_06_13_reviewed_library_retrieval_pilot\scripts\run_step6_13_reviewed_library_retrieval_pilot.py","13608","13608","2026-03-24T18:33:51.8590800Z","2026-03-24T18:33:51.8590800Z","666B12C8841978370E3E2A5D0083D7EC1E11EA6EE481C0013CD854D732DC7F83","666B12C8841978370E3E2A5D0083D7EC1E11EA6EE481C0013CD854D732DC7F83"
"steps/step_06_14_kc_packet_failure_audit/resources/step6_14.slice48_replay_2026-03-26_114721.yaml","same","True","True","R:\Thesis Project\KC_L v2 - Copy\steps\step_06_14_kc_packet_failure_audit\resources\step6_14.slice48_replay_2026-03-26_114721.yaml","R:\Thesis Project\KC_L v2 - Cleaner\steps\step_06_14_kc_packet_failure_audit\resources\step6_14.slice48_replay_2026-03-26_114721.yaml","2627","2627","2026-03-26T15:43:50.8217590Z","2026-03-26T15:43:50.8217590Z","A6914D0CFD3C7ABEF719599617A706290B4A737212D4859F086194E438ABE2B6","A6914D0CFD3C7ABEF719599617A706290B4A737212D4859F086194E438ABE2B6"
"steps/step_06_14_kc_packet_failure_audit/resources/step6_14.slice48.yaml","same","True","True","R:\Thesis Project\KC_L v2 - Copy\steps\step_06_14_kc_packet_failure_audit\resources\step6_14.slice48.yaml","R:\Thesis Project\KC_L v2 - Cleaner\steps\step_06_14_kc_packet_failure_audit\resources\step6_14.slice48.yaml","2627","2627","2026-03-25T22:00:34.9041919Z","2026-03-25T22:00:34.9041919Z","1D24EA234463D054C59293B2FCD76A275321734EF0F078878C9B88A858C2BEE6","1D24EA234463D054C59293B2FCD76A275321734EF0F078878C9B88A858C2BEE6"
"steps/step_06_14_kc_packet_failure_audit/scripts/run_step6_14_kc_packet_failure_audit.py","same","True","True","R:\Thesis Project\KC_L v2 - Copy\steps\step_06_14_kc_packet_failure_audit\scripts\run_step6_14_kc_packet_failure_audit.py","R:\Thesis Project\KC_L v2 - Cleaner\steps\step_06_14_kc_packet_failure_audit\scripts\run_step6_14_kc_packet_failure_audit.py","13935","13935","2026-03-25T22:00:15.2953050Z","2026-03-25T22:00:15.2953050Z","7ADFE50D615C3DC298CB2C4A44394C0CA757E98738172E19DE9D7D8113E61C7B","7ADFE50D615C3DC298CB2C4A44394C0CA757E98738172E19DE9D7D8113E61C7B"
"steps/step_06_3_kc_extract_quote_first/resources/step6_3.default.yaml","same","True","True","R:\Thesis Project\KC_L v2 - Copy\steps\step_06_3_kc_extract_quote_first\resources\step6_3.default.yaml","R:\Thesis Project\KC_L v2 - Cleaner\steps\step_06_3_kc_extract_quote_first\resources\step6_3.default.yaml","2812","2812","2026-03-06T22:31:14.5028053Z","2026-03-06T22:31:14.5028053Z","51159AFA7097A97593D6BC0B87A269E135B45595F556E86E2431A8B51C350FA5","51159AFA7097A97593D6BC0B87A269E135B45595F556E86E2431A8B51C350FA5"
"steps/step_06_3_kc_extract_quote_first/scripts/run_step6_3.py","same","True","True","R:\Thesis Project\KC_L v2 - Copy\steps\step_06_3_kc_extract_quote_first\scripts\run_step6_3.py","R:\Thesis Project\KC_L v2 - Cleaner\steps\step_06_3_kc_extract_quote_first\scripts\run_step6_3.py","57734","57734","2026-03-06T22:31:22.4173307Z","2026-03-06T22:31:22.4173307Z","F8D4B786BF5C0BA060A283ECCA714673738180922395C8751010BCFCA18075A4","F8D4B786BF5C0BA060A283ECCA714673738180922395C8751010BCFCA18075A4"
"steps/step_06_4_2_semantic_safe_enrich/resources/step6_4_2.default.yaml","same","True","True","R:\Thesis Project\KC_L v2 - Copy\steps\step_06_4_2_semantic_safe_enrich\resources\step6_4_2.default.yaml","R:\Thesis Project\KC_L v2 - Cleaner\steps\step_06_4_2_semantic_safe_enrich\resources\step6_4_2.default.yaml","4580","4580","2026-03-10T01:22:46.8161011Z","2026-03-10T01:22:46.8161011Z","93B31AADAD4AF722E400B64994A4A9738BE4F888276A9C6A2E4DEC7553DDB258","93B31AADAD4AF722E400B64994A4A9738BE4F888276A9C6A2E4DEC7553DDB258"
"steps/step_06_4_2_semantic_safe_enrich/resources/step6_5.next_scale.yaml","same","True","True","R:\Thesis Project\KC_L v2 - Copy\steps\step_06_4_2_semantic_safe_enrich\resources\step6_5.next_scale.yaml","R:\Thesis Project\KC_L v2 - Cleaner\steps\step_06_4_2_semantic_safe_enrich\resources\step6_5.next_scale.yaml","4712","4712","2026-03-10T01:22:46.8161011Z","2026-03-10T01:22:46.8161011Z","BE85CEC0FA027A7C250E28DE457F54FB1E5184D5C93DC06C03A4DA5137BA56FD","BE85CEC0FA027A7C250E28DE457F54FB1E5184D5C93DC06C03A4DA5137BA56FD"
"steps/step_06_4_2_semantic_safe_enrich/resources/step6_overlay_aware_subtree_validation.yaml","same","True","True","R:\Thesis Project\KC_L v2 - Copy\steps\step_06_4_2_semantic_safe_enrich\resources\step6_overlay_aware_subtree_validation.yaml","R:\Thesis Project\KC_L v2 - Cleaner\steps\step_06_4_2_semantic_safe_enrich\resources\step6_overlay_aware_subtree_validation.yaml","5896","5896","2026-03-12T14:53:04.3657966Z","2026-03-12T14:53:04.3657966Z","EAD4E9EAE8115C297AC7E393CB5AE7BB393174F6AB469BCBBE5BE5C6D52A29BB","EAD4E9EAE8115C297AC7E393CB5AE7BB393174F6AB469BCBBE5BE5C6D52A29BB"
"steps/step_06_4_2_semantic_safe_enrich/resources/step6_sidequest_slice_a.yaml","same","True","True","R:\Thesis Project\KC_L v2 - Copy\steps\step_06_4_2_semantic_safe_enrich\resources\step6_sidequest_slice_a.yaml","R:\Thesis Project\KC_L v2 - Cleaner\steps\step_06_4_2_semantic_safe_enrich\resources\step6_sidequest_slice_a.yaml","5288","5288","2026-03-15T14:14:52.4810461Z","2026-03-15T14:14:52.4810461Z","7C77B51F953615A3FD565A1CC4647D82ABE9D49D24E007925A36AB3C0B2C7D69","7C77B51F953615A3FD565A1CC4647D82ABE9D49D24E007925A36AB3C0B2C7D69"
"steps/step_06_4_2_semantic_safe_enrich/resources/step6_sidequest_slice_b.yaml","same","True","True","R:\Thesis Project\KC_L v2 - Copy\steps\step_06_4_2_semantic_safe_enrich\resources\step6_sidequest_slice_b.yaml","R:\Thesis Project\KC_L v2 - Cleaner\steps\step_06_4_2_semantic_safe_enrich\resources\step6_sidequest_slice_b.yaml","5072","5072","2026-03-15T14:14:52.4891933Z","2026-03-15T14:14:52.4891933Z","147A0FCA98BAC2A40C28C411DACD00D5AD6D74F41A445426CD49E73A49BECA3B","147A0FCA98BAC2A40C28C411DACD00D5AD6D74F41A445426CD49E73A49BECA3B"
"steps/step_06_4_2_semantic_safe_enrich/scripts/run_step6_4_2.py","same","True","True","R:\Thesis Project\KC_L v2 - Copy\steps\step_06_4_2_semantic_safe_enrich\scripts\run_step6_4_2.py","R:\Thesis Project\KC_L v2 - Cleaner\steps\step_06_4_2_semantic_safe_enrich\scripts\run_step6_4_2.py","275063","275063","2026-03-15T16:52:09.0733781Z","2026-03-15T16:52:09.0733781Z","C564461BEA593B6B66C2409C12E7BC155C9F1E8C56D1078FFD6B2D88EDB5AD03","C564461BEA593B6B66C2409C12E7BC155C9F1E8C56D1078FFD6B2D88EDB5AD03"
"steps/step_06_4_2_semantic_safe_enrich/scripts/write_step6_5_closeout.py","same","True","True","R:\Thesis Project\KC_L v2 - Copy\steps\step_06_4_2_semantic_safe_enrich\scripts\write_step6_5_closeout.py","R:\Thesis Project\KC_L v2 - Cleaner\steps\step_06_4_2_semantic_safe_enrich\scripts\write_step6_5_closeout.py","19235","19235","2026-03-09T12:44:30.5463409Z","2026-03-09T12:44:30.5463409Z","9D6E4B25DC9E423C203EF3859DCB795F7C2596D6892F3B177501DF3C916A95F8","9D6E4B25DC9E423C203EF3859DCB795F7C2596D6892F3B177501DF3C916A95F8"
"steps/step_06_4_4_downstream_debug/notes/PHASE1_SCOPE.md","same","True","True","R:\Thesis Project\KC_L v2 - Copy\steps\step_06_4_4_downstream_debug\notes\PHASE1_SCOPE.md","R:\Thesis Project\KC_L v2 - Cleaner\steps\step_06_4_4_downstream_debug\notes\PHASE1_SCOPE.md","453","453","2026-03-08T03:47:18.5711145Z","2026-03-08T03:47:18.5711145Z","C04D31CAADA9BF70EA5C8697CA49CCA38F1FE0708CE1E50F779C1D8083A69877","C04D31CAADA9BF70EA5C8697CA49CCA38F1FE0708CE1E50F779C1D8083A69877"
"steps/step_06_4_7_midscale_validation/notes/.gitkeep","same","True","True","R:\Thesis Project\KC_L v2 - Copy\steps\step_06_4_7_midscale_validation\notes\.gitkeep","R:\Thesis Project\KC_L v2 - Cleaner\steps\step_06_4_7_midscale_validation\notes\.gitkeep","1","1","2026-03-08T16:38:03.5347117Z","2026-03-08T16:38:03.5347117Z","01BA4719C80B6FE911B091A7C05124B64EEECE964E09C058EF8F9805DACA546B","01BA4719C80B6FE911B091A7C05124B64EEECE964E09C058EF8F9805DACA546B"
"steps/step_06_4_kc_enrich_tier2/resources/step6_4.default.yaml","same","True","True","R:\Thesis Project\KC_L v2 - Copy\steps\step_06_4_kc_enrich_tier2\resources\step6_4.default.yaml","R:\Thesis Project\KC_L v2 - Cleaner\steps\step_06_4_kc_enrich_tier2\resources\step6_4.default.yaml","2145","2145","2026-03-07T12:25:42.4313102Z","2026-03-07T12:25:42.4313102Z","BC91C17C1881607687B264A2C96908829142DB743AA0A7AEE94747E49CBA812D","BC91C17C1881607687B264A2C96908829142DB743AA0A7AEE94747E49CBA812D"
"steps/step_06_4_kc_enrich_tier2/scripts/run_step6_4.py","same","True","True","R:\Thesis Project\KC_L v2 - Copy\steps\step_06_4_kc_enrich_tier2\scripts\run_step6_4.py","R:\Thesis Project\KC_L v2 - Cleaner\steps\step_06_4_kc_enrich_tier2\scripts\run_step6_4.py","54974","54974","2026-03-07T12:34:25.6814729Z","2026-03-07T12:34:25.6814729Z","4F3AD8DFAB68C37F2D271EEAFCC49CF57D07A2F3A394F5FFBC8E476300378B38","4F3AD8DFAB68C37F2D271EEAFCC49CF57D07A2F3A394F5FFBC8E476300378B38"
"steps/step_06_5_1_failure_cluster_calibration/notes/PHASE1_PATCH_SUMMARY.md","same","True","True","R:\Thesis Project\KC_L v2 - Copy\steps\step_06_5_1_failure_cluster_calibration\notes\PHASE1_PATCH_SUMMARY.md","R:\Thesis Project\KC_L v2 - Cleaner\steps\step_06_5_1_failure_cluster_calibration\notes\PHASE1_PATCH_SUMMARY.md","917","917","2026-03-09T17:53:56.9104055Z","2026-03-09T17:53:56.9104055Z","90F564F27E966E3591ABFC1A85A9403F9A8C5F896E56E36E85EF58A0BFED99F4","90F564F27E966E3591ABFC1A85A9403F9A8C5F896E56E36E85EF58A0BFED99F4"
"steps/step_06_6_kc_drafting_input_overlay/resources/step6_6.full128_quality_redraft_2026-03-27.yaml","same","True","True","R:\Thesis Project\KC_L v2 - Copy\steps\step_06_6_kc_drafting_input_overlay\resources\step6_6.full128_quality_redraft_2026-03-27.yaml","R:\Thesis Project\KC_L v2 - Cleaner\steps\step_06_6_kc_drafting_input_overlay\resources\step6_6.full128_quality_redraft_2026-03-27.yaml","3251","3251","2026-03-27T11:26:38.6968514Z","2026-03-27T11:26:38.6968514Z","6E685B69B371E4EF2B2947A1979C4A0F3F174120596E2BC86B29C0FF3F11A536","6E685B69B371E4EF2B2947A1979C4A0F3F174120596E2BC86B29C0FF3F11A536"
"steps/step_06_6_kc_drafting_input_overlay/resources/step6_6.full128.yaml","same","True","True","R:\Thesis Project\KC_L v2 - Copy\steps\step_06_6_kc_drafting_input_overlay\resources\step6_6.full128.yaml","R:\Thesis Project\KC_L v2 - Cleaner\steps\step_06_6_kc_drafting_input_overlay\resources\step6_6.full128.yaml","3251","3251","2026-03-27T11:26:38.6968514Z","2026-03-27T11:26:38.6968514Z","6E685B69B371E4EF2B2947A1979C4A0F3F174120596E2BC86B29C0FF3F11A536","6E685B69B371E4EF2B2947A1979C4A0F3F174120596E2BC86B29C0FF3F11A536"
"steps/step_06_6_kc_drafting_input_overlay/resources/step6_6.slice10.yaml","same","True","True","R:\Thesis Project\KC_L v2 - Copy\steps\step_06_6_kc_drafting_input_overlay\resources\step6_6.slice10.yaml","R:\Thesis Project\KC_L v2 - Cleaner\steps\step_06_6_kc_drafting_input_overlay\resources\step6_6.slice10.yaml","932","932","2026-03-22T21:03:45.6483174Z","2026-03-22T21:03:45.6483174Z","205C35C641AD62C7106F8B43B44466594734BB352E586689360D158185F1E184","205C35C641AD62C7106F8B43B44466594734BB352E586689360D158185F1E184"
"steps/step_06_6_kc_drafting_input_overlay/resources/step6_6.slice24.yaml","same","True","True","R:\Thesis Project\KC_L v2 - Copy\steps\step_06_6_kc_drafting_input_overlay\resources\step6_6.slice24.yaml","R:\Thesis Project\KC_L v2 - Cleaner\steps\step_06_6_kc_drafting_input_overlay\resources\step6_6.slice24.yaml","1216","1216","2026-03-23T13:42:52.2858619Z","2026-03-23T13:42:52.2858619Z","BFC863EA5783B189FE4C0E6EA03E047624FC7F715ED27344FEA6C748C7E6D1C9","BFC863EA5783B189FE4C0E6EA03E047624FC7F715ED27344FEA6C748C7E6D1C9"
"steps/step_06_6_kc_drafting_input_overlay/resources/step6_6.slice48.yaml","same","True","True","R:\Thesis Project\KC_L v2 - Copy\steps\step_06_6_kc_drafting_input_overlay\resources\step6_6.slice48.yaml","R:\Thesis Project\KC_L v2 - Cleaner\steps\step_06_6_kc_drafting_input_overlay\resources\step6_6.slice48.yaml","1719","1719","2026-03-23T15:08:57.7751459Z","2026-03-23T15:08:57.7751459Z","7CE6AA23C08AD3EBA54CBB4904B1E5F3FD98EC0F2671ED8873AE5030A149CBA9","7CE6AA23C08AD3EBA54CBB4904B1E5F3FD98EC0F2671ED8873AE5030A149CBA9"
"steps/step_06_6_kc_drafting_input_overlay/scripts/run_step6_6_kc_drafting_input_overlay.py","same","True","True","R:\Thesis Project\KC_L v2 - Copy\steps\step_06_6_kc_drafting_input_overlay\scripts\run_step6_6_kc_drafting_input_overlay.py","R:\Thesis Project\KC_L v2 - Cleaner\steps\step_06_6_kc_drafting_input_overlay\scripts\run_step6_6_kc_drafting_input_overlay.py","12136","12136","2026-03-22T21:03:33.8735457Z","2026-03-22T21:03:33.8735457Z","281E2C9A4445584D686E028A12DABF8C280DC7728DF4AD9FA6DB1F0FF4C2295F","281E2C9A4445584D686E028A12DABF8C280DC7728DF4AD9FA6DB1F0FF4C2295F"
"steps/step_06_7_kc_draft_generation/resources/step6_7_generic_policy_spec_v1.md","same","True","True","R:\Thesis Project\KC_L v2 - Copy\steps\step_06_7_kc_draft_generation\resources\step6_7_generic_policy_spec_v1.md","R:\Thesis Project\KC_L v2 - Cleaner\steps\step_06_7_kc_draft_generation\resources\step6_7_generic_policy_spec_v1.md","5308","5308","2026-03-24T13:41:01.4075108Z","2026-03-24T13:41:01.4075108Z","14C7EF6B188879F95BBC1DA6A215019ED326275087C25268584BAD8357094B2C","14C7EF6B188879F95BBC1DA6A215019ED326275087C25268584BAD8357094B2C"
"steps/step_06_7_kc_draft_generation/resources/step6_7.eval_model_comparison_sandbox10.yaml","same","True","True","R:\Thesis Project\KC_L v2 - Copy\steps\step_06_7_kc_draft_generation\resources\step6_7.eval_model_comparison_sandbox10.yaml","R:\Thesis Project\KC_L v2 - Cleaner\steps\step_06_7_kc_draft_generation\resources\step6_7.eval_model_comparison_sandbox10.yaml","599","599","2026-03-23T17:00:43.5415214Z","2026-03-23T17:00:43.5415214Z","942771BABA6AFF51DC7D7D246F8A1745006B2713CB7313095532576165C9BA07","942771BABA6AFF51DC7D7D246F8A1745006B2713CB7313095532576165C9BA07"
"steps/step_06_7_kc_draft_generation/resources/step6_7.full128_quality_redraft_2026-03-27.yaml","same","True","True","R:\Thesis Project\KC_L v2 - Copy\steps\step_06_7_kc_draft_generation\resources\step6_7.full128_quality_redraft_2026-03-27.yaml","R:\Thesis Project\KC_L v2 - Cleaner\steps\step_06_7_kc_draft_generation\resources\step6_7.full128_quality_redraft_2026-03-27.yaml","358","358","2026-03-27T18:05:59.3655863Z","2026-03-27T18:05:59.3655863Z","3C57D8FACDB88A94C4DE991484C310A2868DD994D0765B49F4B93142D32E91D4","3C57D8FACDB88A94C4DE991484C310A2868DD994D0765B49F4B93142D32E91D4"
"steps/step_06_7_kc_draft_generation/resources/step6_7.full128.yaml","same","True","True","R:\Thesis Project\KC_L v2 - Copy\steps\step_06_7_kc_draft_generation\resources\step6_7.full128.yaml","R:\Thesis Project\KC_L v2 - Cleaner\steps\step_06_7_kc_draft_generation\resources\step6_7.full128.yaml","347","347","2026-03-27T11:27:28.7551089Z","2026-03-27T11:27:28.7551089Z","0A16EBA45368BA1E7BCE0930BFEA13FB9876DC2B790BE50D889CAAE3ECF9ED9E","0A16EBA45368BA1E7BCE0930BFEA13FB9876DC2B790BE50D889CAAE3ECF9ED9E"
"steps/step_06_7_kc_draft_generation/resources/step6_7.slice10.yaml","same","True","True","R:\Thesis Project\KC_L v2 - Copy\steps\step_06_7_kc_draft_generation\resources\step6_7.slice10.yaml","R:\Thesis Project\KC_L v2 - Cleaner\steps\step_06_7_kc_draft_generation\resources\step6_7.slice10.yaml","569","569","2026-03-22T22:15:13.1847749Z","2026-03-22T22:15:13.1847749Z","04F28A10C6AB160D454EBC0793F2C8DC1D137B5841DD3F4F3890633E71D2D845","04F28A10C6AB160D454EBC0793F2C8DC1D137B5841DD3F4F3890633E71D2D845"
"steps/step_06_7_kc_draft_generation/resources/step6_7.slice24.yaml","same","True","True","R:\Thesis Project\KC_L v2 - Copy\steps\step_06_7_kc_draft_generation\resources\step6_7.slice24.yaml","R:\Thesis Project\KC_L v2 - Cleaner\steps\step_06_7_kc_draft_generation\resources\step6_7.slice24.yaml","853","853","2026-03-23T13:43:13.2435302Z","2026-03-23T13:43:13.2435302Z","1CCDB109B3AF9CC2EDA019D2D83EF8C60F2C96AFBB005CF27AB6EA5CE7B7DC28","1CCDB109B3AF9CC2EDA019D2D83EF8C60F2C96AFBB005CF27AB6EA5CE7B7DC28"
"steps/step_06_7_kc_draft_generation/resources/step6_7.slice48.yaml","same","True","True","R:\Thesis Project\KC_L v2 - Copy\steps\step_06_7_kc_draft_generation\resources\step6_7.slice48.yaml","R:\Thesis Project\KC_L v2 - Cleaner\steps\step_06_7_kc_draft_generation\resources\step6_7.slice48.yaml","1358","1358","2026-03-24T15:08:45.3919661Z","2026-03-24T15:08:45.3919661Z","89FF12070B4CE30EDCC89DAF46277FD937DA23951CFAE8F73EC6D18822C32F07","89FF12070B4CE30EDCC89DAF46277FD937DA23951CFAE8F73EC6D18822C32F07"
"steps/step_06_7_kc_draft_generation/scripts/run_step6_7_kc_draft_generation.py","same","True","True","R:\Thesis Project\KC_L v2 - Copy\steps\step_06_7_kc_draft_generation\scripts\run_step6_7_kc_draft_generation.py","R:\Thesis Project\KC_L v2 - Cleaner\steps\step_06_7_kc_draft_generation\scripts\run_step6_7_kc_draft_generation.py","8342","8342","2026-03-22T22:15:04.3603596Z","2026-03-22T22:15:04.3603596Z","E90700F8BDA6263967C89C7AA87FF9EE4558350EE9B32F67C1D5FF43CE631858","E90700F8BDA6263967C89C7AA87FF9EE4558350EE9B32F67C1D5FF43CE631858"
"steps/step_06_8_kc_review_packet_emission/resources/step6_8.eval_model_comparison_sandbox10.yaml","same","True","True","R:\Thesis Project\KC_L v2 - Copy\steps\step_06_8_kc_review_packet_emission\resources\step6_8.eval_model_comparison_sandbox10.yaml","R:\Thesis Project\KC_L v2 - Cleaner\steps\step_06_8_kc_review_packet_emission\resources\step6_8.eval_model_comparison_sandbox10.yaml","271","271","2026-03-24T15:01:18.4621687Z","2026-03-24T15:01:18.4621687Z","E35E19B8E5B53086D32957A675C90F913069A8D668BE888A4D40710085C5734A","E35E19B8E5B53086D32957A675C90F913069A8D668BE888A4D40710085C5734A"
"steps/step_06_8_kc_review_packet_emission/resources/step6_8.full128_quality_redraft_2026-03-27.yaml","same","True","True","R:\Thesis Project\KC_L v2 - Copy\steps\step_06_8_kc_review_packet_emission\resources\step6_8.full128_quality_redraft_2026-03-27.yaml","R:\Thesis Project\KC_L v2 - Cleaner\steps\step_06_8_kc_review_packet_emission\resources\step6_8.full128_quality_redraft_2026-03-27.yaml","269","269","2026-03-27T18:06:19.1928178Z","2026-03-27T18:06:19.1928178Z","F45954F385A6C3862021A5A7FD84614637C655BEA9063889DE3D2D44C59EE0EB","F45954F385A6C3862021A5A7FD84614637C655BEA9063889DE3D2D44C59EE0EB"
"steps/step_06_8_kc_review_packet_emission/resources/step6_8.full128.yaml","same","True","True","R:\Thesis Project\KC_L v2 - Copy\steps\step_06_8_kc_review_packet_emission\resources\step6_8.full128.yaml","R:\Thesis Project\KC_L v2 - Cleaner\steps\step_06_8_kc_review_packet_emission\resources\step6_8.full128.yaml","263","263","2026-03-27T11:28:19.1920037Z","2026-03-27T11:28:19.1920037Z","9BEBA6EC8EB3310082D7C60FAF5BD1C97F2302BC3796494E4B13821D2B3936EF","9BEBA6EC8EB3310082D7C60FAF5BD1C97F2302BC3796494E4B13821D2B3936EF"
"steps/step_06_8_kc_review_packet_emission/resources/step6_8.slice10.yaml","same","True","True","R:\Thesis Project\KC_L v2 - Copy\steps\step_06_8_kc_review_packet_emission\resources\step6_8.slice10.yaml","R:\Thesis Project\KC_L v2 - Cleaner\steps\step_06_8_kc_review_packet_emission\resources\step6_8.slice10.yaml","271","271","2026-03-23T00:31:56.7241968Z","2026-03-23T00:31:56.7241968Z","3FFA8FFB1E9B5646DF50326569BA4CD09AA89757CA3944EE0D3060E0E8C96B94","3FFA8FFB1E9B5646DF50326569BA4CD09AA89757CA3944EE0D3060E0E8C96B94"
"steps/step_06_8_kc_review_packet_emission/resources/step6_8.slice24.yaml","same","True","True","R:\Thesis Project\KC_L v2 - Copy\steps\step_06_8_kc_review_packet_emission\resources\step6_8.slice24.yaml","R:\Thesis Project\KC_L v2 - Cleaner\steps\step_06_8_kc_review_packet_emission\resources\step6_8.slice24.yaml","265","265","2026-03-23T13:43:28.7657285Z","2026-03-23T13:43:28.7657285Z","4399CDBF07A5B2AC0942713EC6D9173E53942155AB3032E933B5C3D873572237","4399CDBF07A5B2AC0942713EC6D9173E53942155AB3032E933B5C3D873572237"
"steps/step_06_8_kc_review_packet_emission/resources/step6_8.slice48_patchrun_2026-03-26_103441.yaml","same","True","True","R:\Thesis Project\KC_L v2 - Copy\steps\step_06_8_kc_review_packet_emission\resources\step6_8.slice48_patchrun_2026-03-26_103441.yaml","R:\Thesis Project\KC_L v2 - Cleaner\steps\step_06_8_kc_review_packet_emission\resources\step6_8.slice48_patchrun_2026-03-26_103441.yaml","264","264","2026-03-26T10:34:59.9317497Z","2026-03-26T10:34:59.9317497Z","B848593C7398615960B76450852A6AA8750E4455D9481428DF49568F18D4D95B","B848593C7398615960B76450852A6AA8750E4455D9481428DF49568F18D4D95B"
"steps/step_06_8_kc_review_packet_emission/resources/step6_8.slice48_patchrun_2026-03-26_103746.yaml","same","True","True","R:\Thesis Project\KC_L v2 - Copy\steps\step_06_8_kc_review_packet_emission\resources\step6_8.slice48_patchrun_2026-03-26_103746.yaml","R:\Thesis Project\KC_L v2 - Cleaner\steps\step_06_8_kc_review_packet_emission\resources\step6_8.slice48_patchrun_2026-03-26_103746.yaml","264","264","2026-03-26T10:37:55.6068047Z","2026-03-26T10:37:55.6068047Z","377B4E1191FA14111D9565013ACB910FD8FC0FCA8AE5E6A42CDEDB6946A00BC8","377B4E1191FA14111D9565013ACB910FD8FC0FCA8AE5E6A42CDEDB6946A00BC8"
"steps/step_06_8_kc_review_packet_emission/resources/step6_8.slice48_patchrun_MANUAL_FINAL.yaml","same","True","True","R:\Thesis Project\KC_L v2 - Copy\steps\step_06_8_kc_review_packet_emission\resources\step6_8.slice48_patchrun_MANUAL_FINAL.yaml","R:\Thesis Project\KC_L v2 - Cleaner\steps\step_06_8_kc_review_packet_emission\resources\step6_8.slice48_patchrun_MANUAL_FINAL.yaml","264","264","2026-03-26T11:47:00.6512846Z","2026-03-26T11:47:00.6512846Z","605FE62C38A5C1315B49D172B6BCB89D4AB544B33B6A771EC1D401DFE1C6B8C7","605FE62C38A5C1315B49D172B6BCB89D4AB544B33B6A771EC1D401DFE1C6B8C7"
"steps/step_06_8_kc_review_packet_emission/resources/step6_8.slice48.yaml","same","True","True","R:\Thesis Project\KC_L v2 - Copy\steps\step_06_8_kc_review_packet_emission\resources\step6_8.slice48.yaml","R:\Thesis Project\KC_L v2 - Cleaner\steps\step_06_8_kc_review_packet_emission\resources\step6_8.slice48.yaml","271","271","2026-03-24T15:09:03.8735815Z","2026-03-24T15:09:03.8735815Z","6B2F2C46FA81F0268CD03A934647ACB047EF52AF10E517F821603B7A41C0BB03","6B2F2C46FA81F0268CD03A934647ACB047EF52AF10E517F821603B7A41C0BB03"
"steps/step_06_8_kc_review_packet_emission/scripts/build_restarted_reviewer_session_artifacts.py","same","True","True","R:\Thesis Project\KC_L v2 - Copy\steps\step_06_8_kc_review_packet_emission\scripts\build_restarted_reviewer_session_artifacts.py","R:\Thesis Project\KC_L v2 - Cleaner\steps\step_06_8_kc_review_packet_emission\scripts\build_restarted_reviewer_session_artifacts.py","1418","1418","2026-03-23T00:43:26.5602647Z","2026-03-23T00:43:26.5602647Z","65607BF523609C0A94D5A7679882D192B9897FAB4ABDF5FACD073DD466E9CE94","65607BF523609C0A94D5A7679882D192B9897FAB4ABDF5FACD073DD466E9CE94"
"steps/step_06_8_kc_review_packet_emission/scripts/run_step6_8_kc_review_packet_emission.py","same","True","True","R:\Thesis Project\KC_L v2 - Copy\steps\step_06_8_kc_review_packet_emission\scripts\run_step6_8_kc_review_packet_emission.py","R:\Thesis Project\KC_L v2 - Cleaner\steps\step_06_8_kc_review_packet_emission\scripts\run_step6_8_kc_review_packet_emission.py","9389","9389","2026-03-23T00:31:56.7241968Z","2026-03-23T00:31:56.7241968Z","7C0B57FC83FF0420A4AE0384A399E9DF0E31EDF6905E0FB4EF44829C520FB1B8","7C0B57FC83FF0420A4AE0384A399E9DF0E31EDF6905E0FB4EF44829C520FB1B8"
"steps/step_06_9_kc_review_audit_ingestion/resources/step6_9.slice24.yaml","same","True","True","R:\Thesis Project\KC_L v2 - Copy\steps\step_06_9_kc_review_audit_ingestion\resources\step6_9.slice24.yaml","R:\Thesis Project\KC_L v2 - Cleaner\steps\step_06_9_kc_review_audit_ingestion\resources\step6_9.slice24.yaml","304","304","2026-03-23T14:24:35.6703993Z","2026-03-23T14:24:35.6703993Z","2ECA327A0756089ECA499CAEDA88B8D6572D23B5BBDCC62E756FFA91C40BFAB7","2ECA327A0756089ECA499CAEDA88B8D6572D23B5BBDCC62E756FFA91C40BFAB7"
"steps/step_06_9_kc_review_audit_ingestion/resources/step6_9.slice48_replay_2026-03-26_114721.yaml","same","True","True","R:\Thesis Project\KC_L v2 - Copy\steps\step_06_9_kc_review_audit_ingestion\resources\step6_9.slice48_replay_2026-03-26_114721.yaml","R:\Thesis Project\KC_L v2 - Cleaner\steps\step_06_9_kc_review_audit_ingestion\resources\step6_9.slice48_replay_2026-03-26_114721.yaml","304","304","2026-03-26T15:30:13.3803015Z","2026-03-26T15:30:13.3803015Z","EF60B74F4677169500676EA2557EB27781882C4087E4ED12B39579E39787695A","EF60B74F4677169500676EA2557EB27781882C4087E4ED12B39579E39787695A"
"steps/step_06_9_kc_review_audit_ingestion/resources/step6_9.slice48.yaml","same","True","True","R:\Thesis Project\KC_L v2 - Copy\steps\step_06_9_kc_review_audit_ingestion\resources\step6_9.slice48.yaml","R:\Thesis Project\KC_L v2 - Cleaner\steps\step_06_9_kc_review_audit_ingestion\resources\step6_9.slice48.yaml","309","309","2026-03-24T16:44:56.2730287Z","2026-03-24T16:44:56.2730287Z","7085F9C9DDADBDB689E85C615120C10682ADF077DCBFF24B371B1A7A17225BCB","7085F9C9DDADBDB689E85C615120C10682ADF077DCBFF24B371B1A7A17225BCB"
"steps/step_06_9_kc_review_audit_ingestion/resources/step6_9.slice8.yaml","same","True","True","R:\Thesis Project\KC_L v2 - Copy\steps\step_06_9_kc_review_audit_ingestion\resources\step6_9.slice8.yaml","R:\Thesis Project\KC_L v2 - Cleaner\steps\step_06_9_kc_review_audit_ingestion\resources\step6_9.slice8.yaml","309","309","2026-03-23T01:14:15.6332347Z","2026-03-23T01:14:15.6332347Z","843FB4CDCF6585DCD17DDB7B4755968E6CAAFEEF33F079883ED0696C7E50E748","843FB4CDCF6585DCD17DDB7B4755968E6CAAFEEF33F079883ED0696C7E50E748"
"steps/step_06_9_kc_review_audit_ingestion/scripts/run_step6_9_kc_review_audit_ingestion.py","same","True","True","R:\Thesis Project\KC_L v2 - Copy\steps\step_06_9_kc_review_audit_ingestion\scripts\run_step6_9_kc_review_audit_ingestion.py","R:\Thesis Project\KC_L v2 - Cleaner\steps\step_06_9_kc_review_audit_ingestion\scripts\run_step6_9_kc_review_audit_ingestion.py","10239","10239","2026-03-23T14:24:28.2254817Z","2026-03-23T14:24:28.2254817Z","696050F858FB7C72A202269DD7A51BC775332E2994FC0A957B06910E81186669","696050F858FB7C72A202269DD7A51BC775332E2994FC0A957B06910E81186669"
"steps/step_06_exchange_matching_pilot/resources/exchange_matching_pilot.slice48_accepted.yaml","same","True","True","R:\Thesis Project\KC_L v2 - Copy\steps\step_06_exchange_matching_pilot\resources\exchange_matching_pilot.slice48_accepted.yaml","R:\Thesis Project\KC_L v2 - Cleaner\steps\step_06_exchange_matching_pilot\resources\exchange_matching_pilot.slice48_accepted.yaml","815","815","2026-03-26T18:52:09.6275132Z","2026-03-26T18:52:09.6275132Z","6B1C7852BD16D6CABBD0E38A4479BB333012886EE6DACBCCA282AC529C2AE721","6B1C7852BD16D6CABBD0E38A4479BB333012886EE6DACBCCA282AC529C2AE721"
"steps/step_06_exchange_matching_pilot/scripts/run_exchange_matching_pilot.py","same","True","True","R:\Thesis Project\KC_L v2 - Copy\steps\step_06_exchange_matching_pilot\scripts\run_exchange_matching_pilot.py","R:\Thesis Project\KC_L v2 - Cleaner\steps\step_06_exchange_matching_pilot\scripts\run_exchange_matching_pilot.py","13448","13448","2026-03-26T18:52:55.7177341Z","2026-03-26T18:52:55.7177341Z","BCDE82CFD11642F915E0DC616089C144489AA475EEB09E45577503AD6AD33E5A","BCDE82CFD11642F915E0DC616089C144489AA475EEB09E45577503AD6AD33E5A"
"steps/step_06_kc_library_extract/resources/kc_record_schema.md","same","True","True","R:\Thesis Project\KC_L v2 - Copy\steps\step_06_kc_library_extract\resources\kc_record_schema.md","R:\Thesis Project\KC_L v2 - Cleaner\steps\step_06_kc_library_extract\resources\kc_record_schema.md","4744","4744","2026-03-06T12:43:44.1503888Z","2026-03-06T12:43:44.1503888Z","C4295DCB98CD6B0F3C03132E59C63D985E0E06BB13819090BAD75050DBCB6023","C4295DCB98CD6B0F3C03132E59C63D985E0E06BB13819090BAD75050DBCB6023"
"steps/step_06_kc_library_extract/resources/step6.default.yaml","same","True","True","R:\Thesis Project\KC_L v2 - Copy\steps\step_06_kc_library_extract\resources\step6.default.yaml","R:\Thesis Project\KC_L v2 - Cleaner\steps\step_06_kc_library_extract\resources\step6.default.yaml","992","992","2026-03-06T02:51:30.4010282Z","2026-03-06T02:51:30.4010282Z","DAC4D2924092A7B33EBF1AA067D241CDADFE073E7F259F6A309D8039DE65B345","DAC4D2924092A7B33EBF1AA067D241CDADFE073E7F259F6A309D8039DE65B345"
"steps/step_06_kc_library_extract/scripts/run_step6.py","same","True","True","R:\Thesis Project\KC_L v2 - Copy\steps\step_06_kc_library_extract\scripts\run_step6.py","R:\Thesis Project\KC_L v2 - Cleaner\steps\step_06_kc_library_extract\scripts\run_step6.py","65837","65837","2026-03-06T12:43:13.6827135Z","2026-03-06T12:43:13.6827135Z","B5C81193639AD6C3993A4343910860D70024B659DA843820F9F25E46FCEEA01C","B5C81193639AD6C3993A4343910860D70024B659DA843820F9F25E46FCEEA01C"
"steps/step_06_main_quest_execution/resources/step6_main_quest_v1.base.yaml","same","True","True","R:\Thesis Project\KC_L v2 - Copy\steps\step_06_main_quest_execution\resources\step6_main_quest_v1.base.yaml","R:\Thesis Project\KC_L v2 - Cleaner\steps\step_06_main_quest_execution\resources\step6_main_quest_v1.base.yaml","5115","5115","2026-03-19T20:08:53.6407145Z","2026-03-19T20:08:53.6407145Z","F6CBB393C4BAD72EDAD57FD8CE0A6DE97C62D000E5F89DF4E4D1B77B16A783F7","F6CBB393C4BAD72EDAD57FD8CE0A6DE97C62D000E5F89DF4E4D1B77B16A783F7"
"steps/step_06_main_quest_execution/resources/step6_main_quest_v1.hpc_gpu.yaml","same","True","True","R:\Thesis Project\KC_L v2 - Copy\steps\step_06_main_quest_execution\resources\step6_main_quest_v1.hpc_gpu.yaml","R:\Thesis Project\KC_L v2 - Cleaner\steps\step_06_main_quest_execution\resources\step6_main_quest_v1.hpc_gpu.yaml","656","656","2026-03-19T20:08:53.6633295Z","2026-03-19T20:08:53.6633295Z","76380E47CEA45E66FA9812997BE23B1521A90B7EAEA15141F7719BBFC5AC7BC3","76380E47CEA45E66FA9812997BE23B1521A90B7EAEA15141F7719BBFC5AC7BC3"
"steps/step_06_main_quest_execution/resources/step6_main_quest_v1.local_gpu.yaml","same","True","True","R:\Thesis Project\KC_L v2 - Copy\steps\step_06_main_quest_execution\resources\step6_main_quest_v1.local_gpu.yaml","R:\Thesis Project\KC_L v2 - Cleaner\steps\step_06_main_quest_execution\resources\step6_main_quest_v1.local_gpu.yaml","698","698","2026-03-19T20:08:53.6593208Z","2026-03-19T20:08:53.6593208Z","C01D3944173B3663AE23402D737AD1782C0324EEC35F5463C10E8FDC98DB9C14","C01D3944173B3663AE23402D737AD1782C0324EEC35F5463C10E8FDC98DB9C14"
"steps/step_06_main_quest_execution/scripts/render_step6_main_quest_config.py","same","True","True","R:\Thesis Project\KC_L v2 - Copy\steps\step_06_main_quest_execution\scripts\render_step6_main_quest_config.py","R:\Thesis Project\KC_L v2 - Cleaner\steps\step_06_main_quest_execution\scripts\render_step6_main_quest_config.py","8594","8594","2026-03-19T20:08:53.6663289Z","2026-03-19T20:08:53.6663289Z","381550ED242B6A98AC2D4A044A0FB87A684D849DBE60A6825D7A8E58B299261F","381550ED242B6A98AC2D4A044A0FB87A684D849DBE60A6825D7A8E58B299261F"
"steps/step_06_main_quest_preflight/resources/step6_main_quest_preflight_candidate.yaml","same","True","True","R:\Thesis Project\KC_L v2 - Copy\steps\step_06_main_quest_preflight\resources\step6_main_quest_preflight_candidate.yaml","R:\Thesis Project\KC_L v2 - Cleaner\steps\step_06_main_quest_preflight\resources\step6_main_quest_preflight_candidate.yaml","1730","1730","2026-03-19T15:17:18.4168710Z","2026-03-19T15:17:18.4168710Z","983C360A92AD6D351ED15C293BE26F2A05D99B5522B4669F458CF1989AB74709","983C360A92AD6D351ED15C293BE26F2A05D99B5522B4669F458CF1989AB74709"
"steps/step_06_review_supervision/resources/downstream_library_integration_note.md","same","True","True","R:\Thesis Project\KC_L v2 - Copy\steps\step_06_review_supervision\resources\downstream_library_integration_note.md","R:\Thesis Project\KC_L v2 - Cleaner\steps\step_06_review_supervision\resources\downstream_library_integration_note.md","2779","2779","2026-03-22T18:52:49.5035993Z","2026-03-22T18:52:49.5035993Z","F7EC6C03860BF7C7773B00F8858A727EC2EC7B2591B94AA9858A4898D63A3484","F7EC6C03860BF7C7773B00F8858A727EC2EC7B2591B94AA9858A4898D63A3484"
"steps/step_06_review_supervision/resources/review_priority_contract.md","same","True","True","R:\Thesis Project\KC_L v2 - Copy\steps\step_06_review_supervision\resources\review_priority_contract.md","R:\Thesis Project\KC_L v2 - Cleaner\steps\step_06_review_supervision\resources\review_priority_contract.md","6482","6482","2026-03-22T00:38:59.1966971Z","2026-03-22T00:38:59.1966971Z","855EBCA58F9A29D92118A5F425D02E2B2CE8BEE33870D9AD5BE6A7DA87CF0791","855EBCA58F9A29D92118A5F425D02E2B2CE8BEE33870D9AD5BE6A7DA87CF0791"
"steps/step_06_review_supervision/resources/supervision_integration_note.md","same","True","True","R:\Thesis Project\KC_L v2 - Copy\steps\step_06_review_supervision\resources\supervision_integration_note.md","R:\Thesis Project\KC_L v2 - Cleaner\steps\step_06_review_supervision\resources\supervision_integration_note.md","4566","4566","2026-03-22T00:38:59.2095405Z","2026-03-22T00:38:59.2095405Z","6DCE471FDD8AAC468529036D72E880A747A7BFEB8F5AE1CD00A28AB08C3BBD5D","6DCE471FDD8AAC468529036D72E880A747A7BFEB8F5AE1CD00A28AB08C3BBD5D"
"steps/step_06_review_supervision/scripts/build_full_corpus_provisional_library_package.py","same","True","True","R:\Thesis Project\KC_L v2 - Copy\steps\step_06_review_supervision\scripts\build_full_corpus_provisional_library_package.py","R:\Thesis Project\KC_L v2 - Cleaner\steps\step_06_review_supervision\scripts\build_full_corpus_provisional_library_package.py","3105","3105","2026-03-22T18:39:56.1970525Z","2026-03-22T18:39:56.1970525Z","35A9645C0C7D747D44D459D1B0080C3D3649250A74DD050CC5DF88E2DA1D0FFD","35A9645C0C7D747D44D459D1B0080C3D3649250A74DD050CC5DF88E2DA1D0FFD"
"steps/step_06_review_supervision/scripts/build_human_supervised_workflow_validation.py","same","True","True","R:\Thesis Project\KC_L v2 - Copy\steps\step_06_review_supervision\scripts\build_human_supervised_workflow_validation.py","R:\Thesis Project\KC_L v2 - Cleaner\steps\step_06_review_supervision\scripts\build_human_supervised_workflow_validation.py","8070","8070","2026-03-22T16:40:04.0464587Z","2026-03-22T16:40:04.0464587Z","85BB0AD028870AB738391F9EAC587CD5D20203643F95305C8968A9548605E565","85BB0AD028870AB738391F9EAC587CD5D20203643F95305C8968A9548605E565"
"steps/step_06_review_supervision/scripts/build_manual_inspection_bundle.py","same","True","True","R:\Thesis Project\KC_L v2 - Copy\steps\step_06_review_supervision\scripts\build_manual_inspection_bundle.py","R:\Thesis Project\KC_L v2 - Cleaner\steps\step_06_review_supervision\scripts\build_manual_inspection_bundle.py","19306","19306","2026-03-22T16:20:37.8608278Z","2026-03-22T16:20:37.8608278Z","2210931950376A2B13BC2154BC680A567EA414FAB6B411BED449810258BB406A","2210931950376A2B13BC2154BC680A567EA414FAB6B411BED449810258BB406A"
"steps/step_06_review_supervision/scripts/build_provisional_machine_pass_library.py","same","True","True","R:\Thesis Project\KC_L v2 - Copy\steps\step_06_review_supervision\scripts\build_provisional_machine_pass_library.py","R:\Thesis Project\KC_L v2 - Cleaner\steps\step_06_review_supervision\scripts\build_provisional_machine_pass_library.py","20821","20821","2026-03-22T18:39:35.4771997Z","2026-03-22T18:39:35.4771997Z","2022B1C495E8A052A07FE853EEB1C54A85A11309049A5CD3CA5D137D36E97E0E","2022B1C495E8A052A07FE853EEB1C54A85A11309049A5CD3CA5D137D36E97E0E"
"steps/step_06_review_supervision/scripts/build_real_reviewer_session.py","same","True","True","R:\Thesis Project\KC_L v2 - Copy\steps\step_06_review_supervision\scripts\build_real_reviewer_session.py","R:\Thesis Project\KC_L v2 - Cleaner\steps\step_06_review_supervision\scripts\build_real_reviewer_session.py","9468","9468","2026-03-22T16:46:51.9110662Z","2026-03-22T16:46:51.9110662Z","DB87BEF752951BA96884164DFF82D148B57C49ADF52ED0DD58D5BC80A464A759","DB87BEF752951BA96884164DFF82D148B57C49ADF52ED0DD58D5BC80A464A759"
"steps/step_06_review_supervision/scripts/build_restarted_human_review_capture_template.py","same","True","True","R:\Thesis Project\KC_L v2 - Copy\steps\step_06_review_supervision\scripts\build_restarted_human_review_capture_template.py","R:\Thesis Project\KC_L v2 - Cleaner\steps\step_06_review_supervision\scripts\build_restarted_human_review_capture_template.py","2128","2128","2026-03-27T12:10:59.2414430Z","2026-03-27T12:10:59.2414430Z","1007BFAD3802567D79CA26D3783D4D244BD6B95A890C3C164D5B9935E8E71034","1007BFAD3802567D79CA26D3783D4D244BD6B95A890C3C164D5B9935E8E71034"
"steps/step_06_review_supervision/scripts/build_restarted_human_reviewer_pass.py","same","True","True","R:\Thesis Project\KC_L v2 - Copy\steps\step_06_review_supervision\scripts\build_restarted_human_reviewer_pass.py","R:\Thesis Project\KC_L v2 - Cleaner\steps\step_06_review_supervision\scripts\build_restarted_human_reviewer_pass.py","1432","1432","2026-03-23T00:55:35.9070669Z","2026-03-23T00:55:35.9070669Z","EF8ADEFCF0932D92AEE523113B9AC23E816AB8486B3EB4448034FFD9ABFD3BA6","EF8ADEFCF0932D92AEE523113B9AC23E816AB8486B3EB4448034FFD9ABFD3BA6"
"steps/step_06_review_supervision/scripts/emit_review_packets.py","same","True","True","R:\Thesis Project\KC_L v2 - Copy\steps\step_06_review_supervision\scripts\emit_review_packets.py","R:\Thesis Project\KC_L v2 - Cleaner\steps\step_06_review_supervision\scripts\emit_review_packets.py","2097","2097","2026-03-22T01:01:34.6800056Z","2026-03-22T01:01:34.6800056Z","B079E2C74CD6B0D5AF207E37BCA5ACB28786AE4EC82CB454254A2BE5DC0BD8E2","B079E2C74CD6B0D5AF207E37BCA5ACB28786AE4EC82CB454254A2BE5DC0BD8E2"
"Target design.md","old_only","True","False","R:\Thesis Project\KC_L v2 - Copy\Target design.md","","5669","","2026-03-24T16:30:23.2078250Z","","BE75F9C5E83BB2375F22E91E49A83DB05F61FF6CA55E5C8F3400A4264F594B98",""
